Annotation,Feature,Classifier,Metric Score,Performance,Classifier Time
Rain,mfcc,LinearSVC,f1,0.75,0.24
Rain,mfcc,LinearSVC,f1,0.6222222222222222,0.24
Rain,mfcc,LinearSVC,f1,0.6666666666666666,0.24
Rain,mfcc,LinearSVC,f1,0.8421052631578947,0.24
Rain,mfcc,LinearSVC,f1,0.8571428571428571,0.24
Rain,mfcc,LinearSVC,balanced_accuracy,0.8063765736179529,0.24
Rain,mfcc,LinearSVC,balanced_accuracy,0.8518062397372743,0.24
Rain,mfcc,LinearSVC,balanced_accuracy,0.7698412698412698,0.24
Rain,mfcc,LinearSVC,balanced_accuracy,0.9087301587301587,0.24
Rain,mfcc,LinearSVC,balanced_accuracy,0.9126984126984127,0.24
Rain,mfcc,LinearSVC,roc_auc,0.9376026272577997,0.24
Rain,mfcc,LinearSVC,roc_auc,0.9373289545703339,0.24
Rain,mfcc,LinearSVC,roc_auc,0.9608843537414966,0.24
Rain,mfcc,LinearSVC,roc_auc,0.959467120181406,0.24
Rain,mfcc,LinearSVC,roc_auc,0.9662698412698413,0.24
Rain,mfcc,SGDClassifier,f1,0.7599999999999999,0.11
Rain,mfcc,SGDClassifier,f1,0.7333333333333333,0.11
Rain,mfcc,SGDClassifier,f1,0.7397260273972602,0.11
Rain,mfcc,SGDClassifier,f1,0.7741935483870968,0.11
Rain,mfcc,SGDClassifier,f1,0.8135593220338982,0.11
Rain,mfcc,SGDClassifier,balanced_accuracy,0.8196496989600437,0.11
Rain,mfcc,SGDClassifier,balanced_accuracy,0.8435960591133005,0.11
Rain,mfcc,SGDClassifier,balanced_accuracy,0.9107142857142857,0.11
Rain,mfcc,SGDClassifier,balanced_accuracy,0.8888888888888888,0.11
Rain,mfcc,SGDClassifier,balanced_accuracy,0.9007936507936507,0.11
Rain,mfcc,SGDClassifier,roc_auc,0.9597701149425287,0.11
Rain,mfcc,SGDClassifier,roc_auc,0.9512862616310893,0.11
Rain,mfcc,SGDClassifier,roc_auc,0.9501133786848073,0.11
Rain,mfcc,SGDClassifier,roc_auc,0.9580498866213152,0.11
Rain,mfcc,SGDClassifier,roc_auc,0.9699546485260772,0.11
Rain,mfcc,SVC,f1,0.7619047619047619,0.15
Rain,mfcc,SVC,f1,0.7384615384615385,0.15
Rain,mfcc,SVC,f1,0.7619047619047619,0.15
Rain,mfcc,SVC,f1,0.7272727272727273,0.15
Rain,mfcc,SVC,f1,0.819672131147541,0.15
Rain,mfcc,SVC,balanced_accuracy,0.8741105637657361,0.15
Rain,mfcc,SVC,balanced_accuracy,0.8661740558292282,0.15
Rain,mfcc,SVC,balanced_accuracy,0.8849206349206349,0.15
Rain,mfcc,SVC,balanced_accuracy,0.873015873015873,0.15
Rain,mfcc,SVC,balanced_accuracy,0.9146825396825398,0.15
Rain,mfcc,SVC,roc_auc,0.9578544061302682,0.15
Rain,mfcc,SVC,roc_auc,0.9501915708812261,0.15
Rain,mfcc,SVC,roc_auc,0.9589002267573696,0.15
Rain,mfcc,SVC,roc_auc,0.9586167800453514,0.15
Rain,mfcc,SVC,roc_auc,0.9804421768707483,0.15
Rain,mfcc,LogisticRegression,f1,0.7666666666666667,0.23
Rain,mfcc,LogisticRegression,f1,0.716417910447761,0.23
Rain,mfcc,LogisticRegression,f1,0.7647058823529412,0.23
Rain,mfcc,LogisticRegression,f1,0.8253968253968255,0.23
Rain,mfcc,LogisticRegression,f1,0.8125000000000001,0.23
Rain,mfcc,LogisticRegression,balanced_accuracy,0.8648056923918993,0.23
Rain,mfcc,LogisticRegression,balanced_accuracy,0.8582375478927202,0.23
Rain,mfcc,LogisticRegression,balanced_accuracy,0.9087301587301587,0.23
Rain,mfcc,LogisticRegression,balanced_accuracy,0.9285714285714286,0.23
Rain,mfcc,LogisticRegression,balanced_accuracy,0.9246031746031746,0.23
Rain,mfcc,LogisticRegression,roc_auc,0.9589490968801313,0.23
Rain,mfcc,LogisticRegression,roc_auc,0.9496442255062945,0.23
Rain,mfcc,LogisticRegression,roc_auc,0.9617346938775511,0.23
Rain,mfcc,LogisticRegression,roc_auc,0.9648526077097506,0.23
Rain,mfcc,LogisticRegression,roc_auc,0.9744897959183673,0.23
Rain,mfcc,DecisionTreeClassifier,f1,0.7307692307692308,0.12
Rain,mfcc,DecisionTreeClassifier,f1,0.6315789473684211,0.12
Rain,mfcc,DecisionTreeClassifier,f1,0.6274509803921569,0.12
Rain,mfcc,DecisionTreeClassifier,f1,0.7076923076923075,0.12
Rain,mfcc,DecisionTreeClassifier,f1,0.76,0.12
Rain,mfcc,DecisionTreeClassifier,balanced_accuracy,0.8117131910235358,0.12
Rain,mfcc,DecisionTreeClassifier,balanced_accuracy,0.7706622879036672,0.12
Rain,mfcc,DecisionTreeClassifier,balanced_accuracy,0.7579365079365079,0.12
Rain,mfcc,DecisionTreeClassifier,balanced_accuracy,0.8551587301587301,0.12
Rain,mfcc,DecisionTreeClassifier,balanced_accuracy,0.8273809523809523,0.12
Rain,mfcc,DecisionTreeClassifier,roc_auc,0.8117131910235359,0.12
Rain,mfcc,DecisionTreeClassifier,roc_auc,0.7706622879036672,0.12
Rain,mfcc,DecisionTreeClassifier,roc_auc,0.7579365079365079,0.12
Rain,mfcc,DecisionTreeClassifier,roc_auc,0.85515873015873,0.12
Rain,mfcc,DecisionTreeClassifier,roc_auc,0.8273809523809524,0.12
Rain,mfcc,RandomForestClassifier,f1,0.7346938775510204,1.46
Rain,mfcc,RandomForestClassifier,f1,0.851851851851852,1.46
Rain,mfcc,RandomForestClassifier,f1,0.76,1.46
Rain,mfcc,RandomForestClassifier,f1,0.830188679245283,1.46
Rain,mfcc,RandomForestClassifier,f1,0.8846153846153847,1.46
Rain,mfcc,RandomForestClassifier,balanced_accuracy,0.8024083196496989,1.46
Rain,mfcc,RandomForestClassifier,balanced_accuracy,0.8886152162014231,1.46
Rain,mfcc,RandomForestClassifier,balanced_accuracy,0.8273809523809523,1.46
Rain,mfcc,RandomForestClassifier,balanced_accuracy,0.8809523809523809,1.46
Rain,mfcc,RandomForestClassifier,balanced_accuracy,0.9067460317460317,1.46
Rain,mfcc,RandomForestClassifier,roc_auc,0.9521072796934865,1.46
Rain,mfcc,RandomForestClassifier,roc_auc,0.9614121510673235,1.46
Rain,mfcc,RandomForestClassifier,roc_auc,0.9590419501133787,1.46
Rain,mfcc,RandomForestClassifier,roc_auc,0.9671201814058958,1.46
Rain,mfcc,RandomForestClassifier,roc_auc,0.9974489795918368,1.46
Rain,mfcc,GradientBoostingClassifier,f1,0.7599999999999999,2.26
Rain,mfcc,GradientBoostingClassifier,f1,0.8,2.26
Rain,mfcc,GradientBoostingClassifier,f1,0.7169811320754718,2.26
Rain,mfcc,GradientBoostingClassifier,f1,0.7857142857142857,2.26
Rain,mfcc,GradientBoostingClassifier,f1,0.8727272727272727,2.26
Rain,mfcc,GradientBoostingClassifier,balanced_accuracy,0.8196496989600437,2.26
Rain,mfcc,GradientBoostingClassifier,balanced_accuracy,0.8634373289545703,2.26
Rain,mfcc,GradientBoostingClassifier,balanced_accuracy,0.8154761904761905,2.26
Rain,mfcc,GradientBoostingClassifier,balanced_accuracy,0.8690476190476191,2.26
Rain,mfcc,GradientBoostingClassifier,balanced_accuracy,0.9166666666666666,2.26
Rain,mfcc,GradientBoostingClassifier,roc_auc,0.9584017515051998,2.26
Rain,mfcc,GradientBoostingClassifier,roc_auc,0.9537493158182814,2.26
Rain,mfcc,GradientBoostingClassifier,roc_auc,0.9379251700680271,2.26
Rain,mfcc,GradientBoostingClassifier,roc_auc,0.9594671201814059,2.26
Rain,mfcc,GradientBoostingClassifier,roc_auc,0.9872448979591837,2.26
Insects,mfcc,LinearSVC,f1,0.027777777777777776,0.36
Insects,mfcc,LinearSVC,f1,0.634920634920635,0.36
Insects,mfcc,LinearSVC,f1,0.0,0.36
Insects,mfcc,LinearSVC,f1,0.0,0.36
Insects,mfcc,LinearSVC,f1,0.6436781609195402,0.36
Insects,mfcc,LinearSVC,balanced_accuracy,0.46935096153846156,0.36
Insects,mfcc,LinearSVC,balanced_accuracy,0.6916208791208791,0.36
Insects,mfcc,LinearSVC,balanced_accuracy,0.5,0.36
Insects,mfcc,LinearSVC,balanced_accuracy,0.5,0.36
Insects,mfcc,LinearSVC,balanced_accuracy,0.6422466422466422,0.36
Insects,mfcc,LinearSVC,roc_auc,0.5397493131868132,0.36
Insects,mfcc,LinearSVC,roc_auc,0.7434752747252746,0.36
Insects,mfcc,LinearSVC,roc_auc,0.6521018663875806,0.36
Insects,mfcc,LinearSVC,roc_auc,0.5705564276992848,0.36
Insects,mfcc,LinearSVC,roc_auc,0.676521890807605,0.36
Insects,mfcc,SGDClassifier,f1,0.6206896551724138,0.09
Insects,mfcc,SGDClassifier,f1,0.16901408450704225,0.09
Insects,mfcc,SGDClassifier,f1,0.5887850467289719,0.09
Insects,mfcc,SGDClassifier,f1,0.06153846153846154,0.09
Insects,mfcc,SGDClassifier,f1,0.6143790849673203,0.09
Insects,mfcc,SGDClassifier,balanced_accuracy,0.5746050824175825,0.09
Insects,mfcc,SGDClassifier,balanced_accuracy,0.5413804945054945,0.09
Insects,mfcc,SGDClassifier,balanced_accuracy,0.5164835164835165,0.09
Insects,mfcc,SGDClassifier,balanced_accuracy,0.5158730158730158,0.09
Insects,mfcc,SGDClassifier,balanced_accuracy,0.6367521367521367,0.09
Insects,mfcc,SGDClassifier,roc_auc,0.6103193681318682,0.09
Insects,mfcc,SGDClassifier,roc_auc,0.6529876373626374,0.09
Insects,mfcc,SGDClassifier,roc_auc,0.7520495377638236,0.09
Insects,mfcc,SGDClassifier,roc_auc,0.5484039769754055,0.09
Insects,mfcc,SGDClassifier,roc_auc,0.6580324437467295,0.09
Insects,mfcc,SVC,f1,0.5714285714285714,0.25
Insects,mfcc,SVC,f1,0.6627218934911243,0.25
Insects,mfcc,SVC,f1,0.658682634730539,0.25
Insects,mfcc,SVC,f1,0.6951219512195121,0.25
Insects,mfcc,SVC,f1,0.6628571428571429,0.25
Insects,mfcc,SVC,balanced_accuracy,0.5673076923076923,0.25
Insects,mfcc,SVC,balanced_accuracy,0.6682692307692308,0.25
Insects,mfcc,SVC,balanced_accuracy,0.6672771672771673,0.25
Insects,mfcc,SVC,balanced_accuracy,0.7106227106227107,0.25
Insects,mfcc,SVC,balanced_accuracy,0.6636141636141636,0.25
Insects,mfcc,SVC,roc_auc,0.6748798076923077,0.25
Insects,mfcc,SVC,roc_auc,0.6988324175824177,0.25
Insects,mfcc,SVC,roc_auc,0.7523983952555381,0.25
Insects,mfcc,SVC,roc_auc,0.7639979068550498,0.25
Insects,mfcc,SVC,roc_auc,0.7049537763823478,0.25
Insects,mfcc,LogisticRegression,f1,0.496551724137931,0.23
Insects,mfcc,LogisticRegression,f1,0.6573426573426573,0.23
Insects,mfcc,LogisticRegression,f1,0.6344827586206897,0.23
Insects,mfcc,LogisticRegression,f1,0.5815602836879433,0.23
Insects,mfcc,LogisticRegression,f1,0.6056338028169014,0.23
Insects,mfcc,LogisticRegression,balanced_accuracy,0.5339972527472527,0.23
Insects,mfcc,LogisticRegression,balanced_accuracy,0.6913633241758241,0.23
Insects,mfcc,LogisticRegression,balanced_accuracy,0.6672771672771672,0.23
Insects,mfcc,LogisticRegression,balanced_accuracy,0.6221001221001221,0.23
Insects,mfcc,LogisticRegression,balanced_accuracy,0.6434676434676434,0.23
Insects,mfcc,LogisticRegression,roc_auc,0.5785542582417582,0.23
Insects,mfcc,LogisticRegression,roc_auc,0.7609890109890111,0.23
Insects,mfcc,LogisticRegression,roc_auc,0.7393162393162394,0.23
Insects,mfcc,LogisticRegression,roc_auc,0.7034711320425606,0.23
Insects,mfcc,LogisticRegression,roc_auc,0.6873364730507587,0.23
Insects,mfcc,DecisionTreeClassifier,f1,0.43076923076923074,0.14
Insects,mfcc,DecisionTreeClassifier,f1,0.5179856115107914,0.14
Insects,mfcc,DecisionTreeClassifier,f1,0.5486725663716814,0.14
Insects,mfcc,DecisionTreeClassifier,f1,0.5365853658536585,0.14
Insects,mfcc,DecisionTreeClassifier,f1,0.5757575757575758,0.14
Insects,mfcc,DecisionTreeClassifier,balanced_accuracy,0.5099587912087913,0.14
Insects,mfcc,DecisionTreeClassifier,balanced_accuracy,0.5669642857142857,0.14
Insects,mfcc,DecisionTreeClassifier,balanced_accuracy,0.6416361416361416,0.14
Insects,mfcc,DecisionTreeClassifier,balanced_accuracy,0.6135531135531136,0.14
Insects,mfcc,DecisionTreeClassifier,balanced_accuracy,0.6312576312576312,0.14
Insects,mfcc,DecisionTreeClassifier,roc_auc,0.5171703296703296,0.14
Insects,mfcc,DecisionTreeClassifier,roc_auc,0.570054945054945,0.14
Insects,mfcc,DecisionTreeClassifier,roc_auc,0.6426827141112855,0.14
Insects,mfcc,DecisionTreeClassifier,roc_auc,0.6164311878597593,0.14
Insects,mfcc,DecisionTreeClassifier,roc_auc,0.6264608407465551,0.14
Insects,mfcc,RandomForestClassifier,f1,0.4628099173553719,1.71
Insects,mfcc,RandomForestClassifier,f1,0.5271317829457365,1.71
Insects,mfcc,RandomForestClassifier,f1,0.5321100917431192,1.71
Insects,mfcc,RandomForestClassifier,f1,0.5178571428571429,1.71
Insects,mfcc,RandomForestClassifier,f1,0.5882352941176471,1.71
Insects,mfcc,RandomForestClassifier,balanced_accuracy,0.5594093406593407,1.71
Insects,mfcc,RandomForestClassifier,balanced_accuracy,0.5952953296703296,1.71
Insects,mfcc,RandomForestClassifier,balanced_accuracy,0.6367521367521367,1.71
Insects,mfcc,RandomForestClassifier,balanced_accuracy,0.6202686202686203,1.71
Insects,mfcc,RandomForestClassifier,balanced_accuracy,0.6623931623931625,1.71
Insects,mfcc,RandomForestClassifier,roc_auc,0.6258585164835164,1.71
Insects,mfcc,RandomForestClassifier,roc_auc,0.7009787087912089,1.71
Insects,mfcc,RandomForestClassifier,roc_auc,0.74707831850689,1.71
Insects,mfcc,RandomForestClassifier,roc_auc,0.7018140589569161,1.71
Insects,mfcc,RandomForestClassifier,roc_auc,0.7211756497470783,1.71
Insects,mfcc,GradientBoostingClassifier,f1,0.41935483870967744,2.21
Insects,mfcc,GradientBoostingClassifier,f1,0.5230769230769231,2.21
Insects,mfcc,GradientBoostingClassifier,f1,0.5565217391304348,2.21
Insects,mfcc,GradientBoostingClassifier,f1,0.48275862068965514,2.21
Insects,mfcc,GradientBoostingClassifier,f1,0.5128205128205129,2.21
Insects,mfcc,GradientBoostingClassifier,balanced_accuracy,0.5163118131868132,2.21
Insects,mfcc,GradientBoostingClassifier,balanced_accuracy,0.5898008241758241,2.21
Insects,mfcc,GradientBoostingClassifier,balanced_accuracy,0.644078144078144,2.21
Insects,mfcc,GradientBoostingClassifier,balanced_accuracy,0.5848595848595848,2.21
Insects,mfcc,GradientBoostingClassifier,balanced_accuracy,0.6062271062271063,2.21
Insects,mfcc,GradientBoostingClassifier,roc_auc,0.6206215659340659,2.21
Insects,mfcc,GradientBoostingClassifier,roc_auc,0.6881868131868132,2.21
Insects,mfcc,GradientBoostingClassifier,roc_auc,0.7473399616256758,2.21
Insects,mfcc,GradientBoostingClassifier,roc_auc,0.6923076923076923,2.21
Insects,mfcc,GradientBoostingClassifier,roc_auc,0.7330368044653759,2.21
Birds,mfcc,LinearSVC,f1,0.0,0.32
Birds,mfcc,LinearSVC,f1,0.0,0.32
Birds,mfcc,LinearSVC,f1,0.0,0.32
Birds,mfcc,LinearSVC,f1,0.0,0.32
Birds,mfcc,LinearSVC,f1,0.11764705882352941,0.32
Birds,mfcc,LinearSVC,balanced_accuracy,0.5,0.32
Birds,mfcc,LinearSVC,balanced_accuracy,0.5,0.32
Birds,mfcc,LinearSVC,balanced_accuracy,0.5,0.32
Birds,mfcc,LinearSVC,balanced_accuracy,0.5,0.32
Birds,mfcc,LinearSVC,balanced_accuracy,0.5040790038643195,0.32
Birds,mfcc,LinearSVC,roc_auc,0.5611679454390451,0.32
Birds,mfcc,LinearSVC,roc_auc,0.5987429034874291,0.32
Birds,mfcc,LinearSVC,roc_auc,0.5873765564620008,0.32
Birds,mfcc,LinearSVC,roc_auc,0.6732503220266208,0.32
Birds,mfcc,LinearSVC,roc_auc,0.5749248604551309,0.32
Birds,mfcc,SGDClassifier,f1,0.20359281437125748,0.09
Birds,mfcc,SGDClassifier,f1,0.20930232558139536,0.09
Birds,mfcc,SGDClassifier,f1,0.25925925925925924,0.09
Birds,mfcc,SGDClassifier,f1,0.24,0.09
Birds,mfcc,SGDClassifier,f1,0.2765957446808511,0.09
Birds,mfcc,SGDClassifier,balanced_accuracy,0.5181159420289855,0.09
Birds,mfcc,SGDClassifier,balanced_accuracy,0.5036496350364964,0.09
Birds,mfcc,SGDClassifier,balanced_accuracy,0.630742808072134,0.09
Birds,mfcc,SGDClassifier,balanced_accuracy,0.5699871189351653,0.09
Birds,mfcc,SGDClassifier,balanced_accuracy,0.6487762988407042,0.09
Birds,mfcc,SGDClassifier,roc_auc,0.6754049445865302,0.09
Birds,mfcc,SGDClassifier,roc_auc,0.7191808596918086,0.09
Birds,mfcc,SGDClassifier,roc_auc,0.7294976384714469,0.09
Birds,mfcc,SGDClassifier,roc_auc,0.7376556462000858,0.09
Birds,mfcc,SGDClassifier,roc_auc,0.6642335766423357,0.09
Birds,mfcc,SVC,f1,0.2758620689655173,0.23
Birds,mfcc,SVC,f1,0.2650602409638554,0.23
Birds,mfcc,SVC,f1,0.3218390804597701,0.23
Birds,mfcc,SVC,f1,0.28571428571428575,0.23
Birds,mfcc,SVC,f1,0.31111111111111106,0.23
Birds,mfcc,SVC,balanced_accuracy,0.6427962489343564,0.23
Birds,mfcc,SVC,balanced_accuracy,0.6084752635847527,0.23
Birds,mfcc,SVC,balanced_accuracy,0.7073851438385573,0.23
Birds,mfcc,SVC,balanced_accuracy,0.652211249463289,0.23
Birds,mfcc,SVC,balanced_accuracy,0.6964362387290682,0.23
Birds,mfcc,SVC,roc_auc,0.7333759590792839,0.23
Birds,mfcc,SVC,roc_auc,0.6640308191403081,0.23
Birds,mfcc,SVC,roc_auc,0.8097896092743668,0.23
Birds,mfcc,SVC,roc_auc,0.7131816230141692,0.23
Birds,mfcc,SVC,roc_auc,0.7367969085444397,0.23
Birds,mfcc,LogisticRegression,f1,0.23655913978494625,0.23
Birds,mfcc,LogisticRegression,f1,0.29268292682926833,0.23
Birds,mfcc,LogisticRegression,f1,0.27906976744186046,0.23
Birds,mfcc,LogisticRegression,f1,0.3448275862068966,0.23
Birds,mfcc,LogisticRegression,f1,0.26506024096385544,0.23
Birds,mfcc,LogisticRegression,balanced_accuracy,0.5880221653878943,0.23
Birds,mfcc,LogisticRegression,balanced_accuracy,0.643552311435523,0.23
Birds,mfcc,LogisticRegression,balanced_accuracy,0.6449119793902962,0.23
Birds,mfcc,LogisticRegression,balanced_accuracy,0.740446543580936,0.23
Birds,mfcc,LogisticRegression,balanced_accuracy,0.6227994847574067,0.23
Birds,mfcc,LogisticRegression,roc_auc,0.6093350383631714,0.23
Birds,mfcc,LogisticRegression,roc_auc,0.6656528791565288,0.23
Birds,mfcc,LogisticRegression,roc_auc,0.7179046801202233,0.23
Birds,mfcc,LogisticRegression,roc_auc,0.7595534564190639,0.23
Birds,mfcc,LogisticRegression,roc_auc,0.6504937741519966,0.23
Birds,mfcc,DecisionTreeClassifier,f1,0.10256410256410256,0.12
Birds,mfcc,DecisionTreeClassifier,f1,0.1818181818181818,0.12
Birds,mfcc,DecisionTreeClassifier,f1,0.33333333333333337,0.12
Birds,mfcc,DecisionTreeClassifier,f1,0.23529411764705882,0.12
Birds,mfcc,DecisionTreeClassifier,f1,0.0,0.12
Birds,mfcc,DecisionTreeClassifier,balanced_accuracy,0.4863597612958227,0.12
Birds,mfcc,DecisionTreeClassifier,balanced_accuracy,0.5395377128953771,0.12
Birds,mfcc,DecisionTreeClassifier,balanced_accuracy,0.6290253327608416,0.12
Birds,mfcc,DecisionTreeClassifier,balanced_accuracy,0.5702018033490769,0.12
Birds,mfcc,DecisionTreeClassifier,balanced_accuracy,0.4343065693430657,0.12
Birds,mfcc,DecisionTreeClassifier,roc_auc,0.48231031543052005,0.12
Birds,mfcc,DecisionTreeClassifier,roc_auc,0.537712895377129,0.12
Birds,mfcc,DecisionTreeClassifier,roc_auc,0.6273078574495492,0.12
Birds,mfcc,DecisionTreeClassifier,roc_auc,0.5727780163160155,0.12
Birds,mfcc,DecisionTreeClassifier,roc_auc,0.43430656934306566,0.12
Birds,mfcc,RandomForestClassifier,f1,0.0,1.56
Birds,mfcc,RandomForestClassifier,f1,0.0,1.56
Birds,mfcc,RandomForestClassifier,f1,0.0,1.56
Birds,mfcc,RandomForestClassifier,f1,0.0,1.56
Birds,mfcc,RandomForestClassifier,f1,0.0,1.56
Birds,mfcc,RandomForestClassifier,balanced_accuracy,0.4855072463768116,1.56
Birds,mfcc,RandomForestClassifier,balanced_accuracy,0.4927007299270073,1.56
Birds,mfcc,RandomForestClassifier,balanced_accuracy,0.5,1.56
Birds,mfcc,RandomForestClassifier,balanced_accuracy,0.4927007299270073,1.56
Birds,mfcc,RandomForestClassifier,balanced_accuracy,0.48905109489051096,1.56
Birds,mfcc,RandomForestClassifier,roc_auc,0.6308610400682012,1.56
Birds,mfcc,RandomForestClassifier,roc_auc,0.6774128142741281,1.56
Birds,mfcc,RandomForestClassifier,roc_auc,0.7629884070416488,1.56
Birds,mfcc,RandomForestClassifier,roc_auc,0.6541434091884929,1.56
Birds,mfcc,RandomForestClassifier,roc_auc,0.6981537140403606,1.56
Birds,mfcc,GradientBoostingClassifier,f1,0.15999999999999998,2.21
Birds,mfcc,GradientBoostingClassifier,f1,0.1739130434782609,2.21
Birds,mfcc,GradientBoostingClassifier,f1,0.2857142857142857,2.21
Birds,mfcc,GradientBoostingClassifier,f1,0.0,2.21
Birds,mfcc,GradientBoostingClassifier,f1,0.0,2.21
Birds,mfcc,GradientBoostingClassifier,balanced_accuracy,0.5370843989769821,2.21
Birds,mfcc,GradientBoostingClassifier,balanced_accuracy,0.5446066504460665,2.21
Birds,mfcc,GradientBoostingClassifier,balanced_accuracy,0.5845856590811507,2.21
Birds,mfcc,GradientBoostingClassifier,balanced_accuracy,0.4854014598540146,2.21
Birds,mfcc,GradientBoostingClassifier,balanced_accuracy,0.48175182481751827,2.21
Birds,mfcc,GradientBoostingClassifier,roc_auc,0.6724211423699915,2.21
Birds,mfcc,GradientBoostingClassifier,roc_auc,0.6912003244120032,2.21
Birds,mfcc,GradientBoostingClassifier,roc_auc,0.8166595105195363,2.21
Birds,mfcc,GradientBoostingClassifier,roc_auc,0.6097037355088021,2.21
Birds,mfcc,GradientBoostingClassifier,roc_auc,0.7187634177758695,2.21
Bats,mfcc,LinearSVC,f1,0.1111111111111111,0.29
Bats,mfcc,LinearSVC,f1,0.0,0.29
Bats,mfcc,LinearSVC,f1,0.0,0.29
Bats,mfcc,LinearSVC,f1,0.0,0.29
Bats,mfcc,LinearSVC,f1,0.0,0.29
Bats,mfcc,LinearSVC,balanced_accuracy,0.5294117647058824,0.29
Bats,mfcc,LinearSVC,balanced_accuracy,0.5,0.29
Bats,mfcc,LinearSVC,balanced_accuracy,0.4854014598540146,0.29
Bats,mfcc,LinearSVC,balanced_accuracy,0.5,0.29
Bats,mfcc,LinearSVC,balanced_accuracy,0.5,0.29
Bats,mfcc,LinearSVC,roc_auc,0.7446717817561808,0.29
Bats,mfcc,LinearSVC,roc_auc,0.6594202898550725,0.29
Bats,mfcc,LinearSVC,roc_auc,0.7460283383426363,0.29
Bats,mfcc,LinearSVC,roc_auc,0.7410905968226708,0.29
Bats,mfcc,LinearSVC,roc_auc,0.7329325890940318,0.29
Bats,mfcc,SGDClassifier,f1,0.2207792207792208,0.07
Bats,mfcc,SGDClassifier,f1,0.35714285714285715,0.07
Bats,mfcc,SGDClassifier,f1,0.22666666666666666,0.07
Bats,mfcc,SGDClassifier,f1,0.375,0.07
Bats,mfcc,SGDClassifier,f1,0.391304347826087,0.07
Bats,mfcc,SGDClassifier,balanced_accuracy,0.5652173913043478,0.07
Bats,mfcc,SGDClassifier,balanced_accuracy,0.6890451832907076,0.07
Bats,mfcc,SGDClassifier,balanced_accuracy,0.5766423357664233,0.07
Bats,mfcc,SGDClassifier,balanced_accuracy,0.6844139115500214,0.07
Bats,mfcc,SGDClassifier,balanced_accuracy,0.6917131816230142,0.07
Bats,mfcc,SGDClassifier,roc_auc,0.8162830349531116,0.07
Bats,mfcc,SGDClassifier,roc_auc,0.7698209718670077,0.07
Bats,mfcc,SGDClassifier,roc_auc,0.7410905968226706,0.07
Bats,mfcc,SGDClassifier,roc_auc,0.820094461142121,0.07
Bats,mfcc,SGDClassifier,roc_auc,0.8321167883211679,0.07
Bats,mfcc,SVC,f1,0.3655913978494624,0.24
Bats,mfcc,SVC,f1,0.32941176470588235,0.24
Bats,mfcc,SVC,f1,0.32499999999999996,0.24
Bats,mfcc,SVC,f1,0.35443037974683544,0.24
Bats,mfcc,SVC,f1,0.3764705882352941,0.24
Bats,mfcc,SVC,balanced_accuracy,0.786231884057971,0.24
Bats,mfcc,SVC,balanced_accuracy,0.7161125319693095,0.24
Bats,mfcc,SVC,balanced_accuracy,0.699871189351653,0.24
Bats,mfcc,SVC,balanced_accuracy,0.7365822241305281,0.24
Bats,mfcc,SVC,balanced_accuracy,0.7808072133963074,0.24
Bats,mfcc,SVC,roc_auc,0.8022165387894289,0.24
Bats,mfcc,SVC,roc_auc,0.7826086956521738,0.24
Bats,mfcc,SVC,roc_auc,0.770502361528553,0.24
Bats,mfcc,SVC,roc_auc,0.8097896092743666,0.24
Bats,mfcc,SVC,roc_auc,0.8085015027908974,0.24
Bats,mfcc,LogisticRegression,f1,0.379746835443038,0.23
Bats,mfcc,LogisticRegression,f1,0.3611111111111111,0.23
Bats,mfcc,LogisticRegression,f1,0.3666666666666667,0.23
Bats,mfcc,LogisticRegression,f1,0.40624999999999994,0.23
Bats,mfcc,LogisticRegression,f1,0.4057971014492754,0.23
Bats,mfcc,LogisticRegression,balanced_accuracy,0.7708866155157715,0.23
Bats,mfcc,LogisticRegression,balanced_accuracy,0.7301790281329923,0.23
Bats,mfcc,LogisticRegression,balanced_accuracy,0.7067410905968227,0.23
Bats,mfcc,LogisticRegression,balanced_accuracy,0.7582653499355947,0.23
Bats,mfcc,LogisticRegression,balanced_accuracy,0.7730785744954916,0.23
Bats,mfcc,LogisticRegression,roc_auc,0.782608695652174,0.23
Bats,mfcc,LogisticRegression,roc_auc,0.777919863597613,0.23
Bats,mfcc,LogisticRegression,roc_auc,0.7492486045513096,0.23
Bats,mfcc,LogisticRegression,roc_auc,0.8209531987977672,0.23
Bats,mfcc,LogisticRegression,roc_auc,0.8376985830828682,0.23
Bats,mfcc,DecisionTreeClassifier,f1,0.30769230769230765,0.13
Bats,mfcc,DecisionTreeClassifier,f1,0.27586206896551724,0.13
Bats,mfcc,DecisionTreeClassifier,f1,0.25,0.13
Bats,mfcc,DecisionTreeClassifier,f1,0.22857142857142856,0.13
Bats,mfcc,DecisionTreeClassifier,f1,0.39999999999999997,0.13
Bats,mfcc,DecisionTreeClassifier,balanced_accuracy,0.6184995737425405,0.13
Bats,mfcc,DecisionTreeClassifier,balanced_accuracy,0.5886615515771526,0.13
Bats,mfcc,DecisionTreeClassifier,balanced_accuracy,0.5775010734220696,0.13
Bats,mfcc,DecisionTreeClassifier,balanced_accuracy,0.5665521683125805,0.13
Bats,mfcc,DecisionTreeClassifier,balanced_accuracy,0.6657363675397165,0.13
Bats,mfcc,DecisionTreeClassifier,roc_auc,0.6210571184995738,0.13
Bats,mfcc,DecisionTreeClassifier,roc_auc,0.5869565217391304,0.13
Bats,mfcc,DecisionTreeClassifier,roc_auc,0.5775010734220696,0.13
Bats,mfcc,DecisionTreeClassifier,roc_auc,0.5644053241734651,0.13
Bats,mfcc,DecisionTreeClassifier,roc_auc,0.6672391584370974,0.13
Bats,mfcc,RandomForestClassifier,f1,0.1739130434782609,1.54
Bats,mfcc,RandomForestClassifier,f1,0.10526315789473684,1.54
Bats,mfcc,RandomForestClassifier,f1,0.2,1.54
Bats,mfcc,RandomForestClassifier,f1,0.0909090909090909,1.54
Bats,mfcc,RandomForestClassifier,f1,0.19047619047619047,1.54
Bats,mfcc,RandomForestClassifier,balanced_accuracy,0.5443307757885762,1.54
Bats,mfcc,RandomForestClassifier,balanced_accuracy,0.5257885763000852,1.54
Bats,mfcc,RandomForestClassifier,balanced_accuracy,0.5551738943752683,1.54
Bats,mfcc,RandomForestClassifier,balanced_accuracy,0.514813224559897,1.54
Bats,mfcc,RandomForestClassifier,balanced_accuracy,0.551524259338772,1.54
Bats,mfcc,RandomForestClassifier,roc_auc,0.8525149190110827,1.54
Bats,mfcc,RandomForestClassifier,roc_auc,0.8312020460358056,1.54
Bats,mfcc,RandomForestClassifier,roc_auc,0.7258480034349506,1.54
Bats,mfcc,RandomForestClassifier,roc_auc,0.8387720051524259,1.54
Bats,mfcc,RandomForestClassifier,roc_auc,0.8576642335766423,1.54
Bats,mfcc,GradientBoostingClassifier,f1,0.1739130434782609,2.23
Bats,mfcc,GradientBoostingClassifier,f1,0.3478260869565218,2.23
Bats,mfcc,GradientBoostingClassifier,f1,0.0909090909090909,2.23
Bats,mfcc,GradientBoostingClassifier,f1,0.1739130434782609,2.23
Bats,mfcc,GradientBoostingClassifier,f1,0.3636363636363636,2.23
Bats,mfcc,GradientBoostingClassifier,balanced_accuracy,0.5443307757885762,2.23
Bats,mfcc,GradientBoostingClassifier,balanced_accuracy,0.6104006820119352,2.23
Bats,mfcc,GradientBoostingClassifier,balanced_accuracy,0.514813224559897,2.23
Bats,mfcc,GradientBoostingClassifier,balanced_accuracy,0.5442249892657793,2.23
Bats,mfcc,GradientBoostingClassifier,balanced_accuracy,0.613997423787033,2.23
Bats,mfcc,GradientBoostingClassifier,roc_auc,0.861466325660699,2.23
Bats,mfcc,GradientBoostingClassifier,roc_auc,0.7975277067348678,2.23
Bats,mfcc,GradientBoostingClassifier,roc_auc,0.736152855302705,2.23
Bats,mfcc,GradientBoostingClassifier,roc_auc,0.8578789179905539,2.23
Bats,mfcc,GradientBoostingClassifier,roc_auc,0.8303993130098755,2.23
Anthrophony,mfcc,LinearSVC,f1,0.1111111111111111,0.31
Anthrophony,mfcc,LinearSVC,f1,0.0,0.31
Anthrophony,mfcc,LinearSVC,f1,0.0,0.31
Anthrophony,mfcc,LinearSVC,f1,0.0,0.31
Anthrophony,mfcc,LinearSVC,f1,0.0,0.31
Anthrophony,mfcc,LinearSVC,balanced_accuracy,0.5261904761904762,0.31
Anthrophony,mfcc,LinearSVC,balanced_accuracy,0.5,0.31
Anthrophony,mfcc,LinearSVC,balanced_accuracy,0.49642857142857144,0.31
Anthrophony,mfcc,LinearSVC,balanced_accuracy,0.5,0.31
Anthrophony,mfcc,LinearSVC,balanced_accuracy,0.5,0.31
Anthrophony,mfcc,LinearSVC,roc_auc,0.6504761904761904,0.31
Anthrophony,mfcc,LinearSVC,roc_auc,0.6604761904761904,0.31
Anthrophony,mfcc,LinearSVC,roc_auc,0.6494897959183673,0.31
Anthrophony,mfcc,LinearSVC,roc_auc,0.663265306122449,0.31
Anthrophony,mfcc,LinearSVC,roc_auc,0.8290167865707434,0.31
Anthrophony,mfcc,SGDClassifier,f1,0.18543046357615892,0.1
Anthrophony,mfcc,SGDClassifier,f1,0.21333333333333335,0.1
Anthrophony,mfcc,SGDClassifier,f1,0.09523809523809523,0.1
Anthrophony,mfcc,SGDClassifier,f1,0.23728813559322035,0.1
Anthrophony,mfcc,SGDClassifier,f1,0.19354838709677416,0.1
Anthrophony,mfcc,SGDClassifier,balanced_accuracy,0.530952380952381,0.1
Anthrophony,mfcc,SGDClassifier,balanced_accuracy,0.5809523809523809,0.1
Anthrophony,mfcc,SGDClassifier,balanced_accuracy,0.5142857142857143,0.1
Anthrophony,mfcc,SGDClassifier,balanced_accuracy,0.6785714285714286,0.1
Anthrophony,mfcc,SGDClassifier,balanced_accuracy,0.5503597122302158,0.1
Anthrophony,mfcc,SGDClassifier,roc_auc,0.6847619047619048,0.1
Anthrophony,mfcc,SGDClassifier,roc_auc,0.6857142857142857,0.1
Anthrophony,mfcc,SGDClassifier,roc_auc,0.7316326530612245,0.1
Anthrophony,mfcc,SGDClassifier,roc_auc,0.7979591836734694,0.1
Anthrophony,mfcc,SGDClassifier,roc_auc,0.7805755395683454,0.1
Anthrophony,mfcc,SVC,f1,0.25,0.24
Anthrophony,mfcc,SVC,f1,0.2095238095238095,0.24
Anthrophony,mfcc,SVC,f1,0.23214285714285715,0.24
Anthrophony,mfcc,SVC,f1,0.2696629213483146,0.24
Anthrophony,mfcc,SVC,f1,0.20512820512820512,0.24
Anthrophony,mfcc,SVC,balanced_accuracy,0.6535714285714286,0.24
Anthrophony,mfcc,SVC,balanced_accuracy,0.5845238095238094,0.24
Anthrophony,mfcc,SVC,balanced_accuracy,0.6607142857142857,0.24
Anthrophony,mfcc,SVC,balanced_accuracy,0.7035714285714285,0.24
Anthrophony,mfcc,SVC,balanced_accuracy,0.5762589928057554,0.24
Anthrophony,mfcc,SVC,roc_auc,0.6499999999999999,0.24
Anthrophony,mfcc,SVC,roc_auc,0.6404761904761904,0.24
Anthrophony,mfcc,SVC,roc_auc,0.7091836734693877,0.24
Anthrophony,mfcc,SVC,roc_auc,0.786734693877551,0.24
Anthrophony,mfcc,SVC,roc_auc,0.6635491606714629,0.24
Anthrophony,mfcc,LogisticRegression,f1,0.25352112676056343,0.24
Anthrophony,mfcc,LogisticRegression,f1,0.22580645161290325,0.24
Anthrophony,mfcc,LogisticRegression,f1,0.29729729729729726,0.24
Anthrophony,mfcc,LogisticRegression,f1,0.3404255319148936,0.24
Anthrophony,mfcc,LogisticRegression,f1,0.32352941176470584,0.24
Anthrophony,mfcc,LogisticRegression,balanced_accuracy,0.6321428571428571,0.24
Anthrophony,mfcc,LogisticRegression,balanced_accuracy,0.5904761904761905,0.24
Anthrophony,mfcc,LogisticRegression,balanced_accuracy,0.7178571428571429,0.24
Anthrophony,mfcc,LogisticRegression,balanced_accuracy,0.6964285714285714,0.24
Anthrophony,mfcc,LogisticRegression,balanced_accuracy,0.7155875299760192,0.24
Anthrophony,mfcc,LogisticRegression,roc_auc,0.6595238095238095,0.24
Anthrophony,mfcc,LogisticRegression,roc_auc,0.7,0.24
Anthrophony,mfcc,LogisticRegression,roc_auc,0.7183673469387755,0.24
Anthrophony,mfcc,LogisticRegression,roc_auc,0.8178571428571428,0.24
Anthrophony,mfcc,LogisticRegression,roc_auc,0.8184652278177458,0.24
Anthrophony,mfcc,DecisionTreeClassifier,f1,0.16,0.12
Anthrophony,mfcc,DecisionTreeClassifier,f1,0.21428571428571427,0.12
Anthrophony,mfcc,DecisionTreeClassifier,f1,0.1935483870967742,0.12
Anthrophony,mfcc,DecisionTreeClassifier,f1,0.2758620689655172,0.12
Anthrophony,mfcc,DecisionTreeClassifier,f1,0.23529411764705882,0.12
Anthrophony,mfcc,DecisionTreeClassifier,balanced_accuracy,0.5380952380952381,0.12
Anthrophony,mfcc,DecisionTreeClassifier,balanced_accuracy,0.5642857142857143,0.12
Anthrophony,mfcc,DecisionTreeClassifier,balanced_accuracy,0.5571428571428572,0.12
Anthrophony,mfcc,DecisionTreeClassifier,balanced_accuracy,0.6035714285714285,0.12
Anthrophony,mfcc,DecisionTreeClassifier,balanced_accuracy,0.5793764988009592,0.12
Anthrophony,mfcc,DecisionTreeClassifier,roc_auc,0.5380952380952381,0.12
Anthrophony,mfcc,DecisionTreeClassifier,roc_auc,0.5642857142857143,0.12
Anthrophony,mfcc,DecisionTreeClassifier,roc_auc,0.557142857142857,0.12
Anthrophony,mfcc,DecisionTreeClassifier,roc_auc,0.6007653061224489,0.12
Anthrophony,mfcc,DecisionTreeClassifier,roc_auc,0.5793764988009592,0.12
Anthrophony,mfcc,RandomForestClassifier,f1,0.0,1.54
Anthrophony,mfcc,RandomForestClassifier,f1,0.125,1.54
Anthrophony,mfcc,RandomForestClassifier,f1,0.13333333333333333,1.54
Anthrophony,mfcc,RandomForestClassifier,f1,0.0,1.54
Anthrophony,mfcc,RandomForestClassifier,f1,0.0,1.54
Anthrophony,mfcc,RandomForestClassifier,balanced_accuracy,0.49642857142857144,1.54
Anthrophony,mfcc,RandomForestClassifier,balanced_accuracy,0.5333333333333333,1.54
Anthrophony,mfcc,RandomForestClassifier,balanced_accuracy,0.5357142857142857,1.54
Anthrophony,mfcc,RandomForestClassifier,balanced_accuracy,0.49642857142857144,1.54
Anthrophony,mfcc,RandomForestClassifier,balanced_accuracy,0.49640287769784175,1.54
Anthrophony,mfcc,RandomForestClassifier,roc_auc,0.7333333333333333,1.54
Anthrophony,mfcc,RandomForestClassifier,roc_auc,0.6828571428571428,1.54
Anthrophony,mfcc,RandomForestClassifier,roc_auc,0.6737244897959184,1.54
Anthrophony,mfcc,RandomForestClassifier,roc_auc,0.8471938775510204,1.54
Anthrophony,mfcc,RandomForestClassifier,roc_auc,0.6419664268585131,1.54
Anthrophony,mfcc,GradientBoostingClassifier,f1,0.0,2.21
Anthrophony,mfcc,GradientBoostingClassifier,f1,0.09090909090909091,2.21
Anthrophony,mfcc,GradientBoostingClassifier,f1,0.1,2.21
Anthrophony,mfcc,GradientBoostingClassifier,f1,0.22222222222222224,2.21
Anthrophony,mfcc,GradientBoostingClassifier,f1,0.3,2.21
Anthrophony,mfcc,GradientBoostingClassifier,balanced_accuracy,0.4928571428571429,2.21
Anthrophony,mfcc,GradientBoostingClassifier,balanced_accuracy,0.511904761904762,2.21
Anthrophony,mfcc,GradientBoostingClassifier,balanced_accuracy,0.5178571428571429,2.21
Anthrophony,mfcc,GradientBoostingClassifier,balanced_accuracy,0.5642857142857143,2.21
Anthrophony,mfcc,GradientBoostingClassifier,balanced_accuracy,0.5928057553956835,2.21
Anthrophony,mfcc,GradientBoostingClassifier,roc_auc,0.7585714285714286,2.21
Anthrophony,mfcc,GradientBoostingClassifier,roc_auc,0.671904761904762,2.21
Anthrophony,mfcc,GradientBoostingClassifier,roc_auc,0.6525510204081633,2.21
Anthrophony,mfcc,GradientBoostingClassifier,roc_auc,0.7948979591836735,2.21
Anthrophony,mfcc,GradientBoostingClassifier,roc_auc,0.7148681055155875,2.21
Amphibian,mfcc,LinearSVC,f1,0.0813008130081301,0.2
Amphibian,mfcc,LinearSVC,f1,0.33333333333333337,0.2
Amphibian,mfcc,LinearSVC,f1,0.0,0.2
Amphibian,mfcc,LinearSVC,f1,0.0,0.2
Amphibian,mfcc,LinearSVC,f1,0.07142857142857142,0.2
Amphibian,mfcc,LinearSVC,balanced_accuracy,0.6233333333333333,0.2
Amphibian,mfcc,LinearSVC,balanced_accuracy,0.6,0.2
Amphibian,mfcc,LinearSVC,balanced_accuracy,0.49,0.2
Amphibian,mfcc,LinearSVC,balanced_accuracy,0.5,0.2
Amphibian,mfcc,LinearSVC,balanced_accuracy,0.5637583892617449,0.2
Amphibian,mfcc,LinearSVC,roc_auc,0.9079999999999999,0.2
Amphibian,mfcc,LinearSVC,roc_auc,0.37866666666666665,0.2
Amphibian,mfcc,LinearSVC,roc_auc,0.93,0.2
Amphibian,mfcc,LinearSVC,roc_auc,0.840268456375839,0.2
Amphibian,mfcc,LinearSVC,roc_auc,0.6966442953020134,0.2
Amphibian,mfcc,SGDClassifier,f1,0.18867924528301885,0.09
Amphibian,mfcc,SGDClassifier,f1,0.06779661016949153,0.09
Amphibian,mfcc,SGDClassifier,f1,0.053691275167785234,0.09
Amphibian,mfcc,SGDClassifier,f1,0.18181818181818182,0.09
Amphibian,mfcc,SGDClassifier,f1,0.1,0.09
Amphibian,mfcc,SGDClassifier,balanced_accuracy,0.8566666666666667,0.09
Amphibian,mfcc,SGDClassifier,balanced_accuracy,0.5266666666666666,0.09
Amphibian,mfcc,SGDClassifier,balanced_accuracy,0.53,0.09
Amphibian,mfcc,SGDClassifier,balanced_accuracy,0.848993288590604,0.09
Amphibian,mfcc,SGDClassifier,balanced_accuracy,0.553020134228188,0.09
Amphibian,mfcc,SGDClassifier,roc_auc,0.8666666666666667,0.09
Amphibian,mfcc,SGDClassifier,roc_auc,0.5866666666666667,0.09
Amphibian,mfcc,SGDClassifier,roc_auc,0.795,0.09
Amphibian,mfcc,SGDClassifier,roc_auc,0.9167785234899328,0.09
Amphibian,mfcc,SGDClassifier,roc_auc,0.6684563758389263,0.09
Amphibian,mfcc,SVC,f1,0.1515151515151515,0.23
Amphibian,mfcc,SVC,f1,0.07692307692307691,0.23
Amphibian,mfcc,SVC,f1,0.13114754098360656,0.23
Amphibian,mfcc,SVC,f1,0.13559322033898305,0.23
Amphibian,mfcc,SVC,f1,0.048780487804878044,0.23
Amphibian,mfcc,SVC,balanced_accuracy,0.8133333333333334,0.23
Amphibian,mfcc,SVC,balanced_accuracy,0.55,0.23
Amphibian,mfcc,SVC,balanced_accuracy,0.8233333333333333,0.23
Amphibian,mfcc,SVC,balanced_accuracy,0.7322147651006712,0.23
Amphibian,mfcc,SVC,balanced_accuracy,0.4825503355704698,0.23
Amphibian,mfcc,SVC,roc_auc,0.8453333333333333,0.23
Amphibian,mfcc,SVC,roc_auc,0.5786666666666667,0.23
Amphibian,mfcc,SVC,roc_auc,0.8999999999999999,0.23
Amphibian,mfcc,SVC,roc_auc,0.8617449664429531,0.23
Amphibian,mfcc,SVC,roc_auc,0.6335570469798657,0.23
Amphibian,mfcc,LogisticRegression,f1,0.163265306122449,0.23
Amphibian,mfcc,LogisticRegression,f1,0.0,0.23
Amphibian,mfcc,LogisticRegression,f1,0.054421768707483,0.23
Amphibian,mfcc,LogisticRegression,f1,0.21739130434782605,0.23
Amphibian,mfcc,LogisticRegression,f1,0.08,0.23
Amphibian,mfcc,LogisticRegression,balanced_accuracy,0.7666666666666666,0.23
Amphibian,mfcc,LogisticRegression,balanced_accuracy,0.5,0.23
Amphibian,mfcc,LogisticRegression,balanced_accuracy,0.5366666666666666,0.23
Amphibian,mfcc,LogisticRegression,balanced_accuracy,0.8791946308724832,0.23
Amphibian,mfcc,LogisticRegression,balanced_accuracy,0.5751677852348993,0.23
Amphibian,mfcc,LogisticRegression,roc_auc,0.844,0.23
Amphibian,mfcc,LogisticRegression,roc_auc,0.4733333333333334,0.23
Amphibian,mfcc,LogisticRegression,roc_auc,0.8366666666666667,0.23
Amphibian,mfcc,LogisticRegression,roc_auc,0.9395973154362416,0.23
Amphibian,mfcc,LogisticRegression,roc_auc,0.6778523489932886,0.23
Amphibian,mfcc,DecisionTreeClassifier,f1,0.16666666666666666,0.1
Amphibian,mfcc,DecisionTreeClassifier,f1,0.0,0.1
Amphibian,mfcc,DecisionTreeClassifier,f1,0.30769230769230765,0.1
Amphibian,mfcc,DecisionTreeClassifier,f1,0.3636363636363636,0.1
Amphibian,mfcc,DecisionTreeClassifier,f1,0.0,0.1
Amphibian,mfcc,DecisionTreeClassifier,balanced_accuracy,0.58,0.1
Amphibian,mfcc,DecisionTreeClassifier,balanced_accuracy,0.4866666666666667,0.1
Amphibian,mfcc,DecisionTreeClassifier,balanced_accuracy,0.7266666666666667,0.1
Amphibian,mfcc,DecisionTreeClassifier,balanced_accuracy,0.6865771812080537,0.1
Amphibian,mfcc,DecisionTreeClassifier,balanced_accuracy,0.49328859060402686,0.1
Amphibian,mfcc,DecisionTreeClassifier,roc_auc,0.58,0.1
Amphibian,mfcc,DecisionTreeClassifier,roc_auc,0.4866666666666667,0.1
Amphibian,mfcc,DecisionTreeClassifier,roc_auc,0.7283333333333334,0.1
Amphibian,mfcc,DecisionTreeClassifier,roc_auc,0.6879194630872483,0.1
Amphibian,mfcc,DecisionTreeClassifier,roc_auc,0.49328859060402686,0.1
Amphibian,mfcc,RandomForestClassifier,f1,0.0,1.29
Amphibian,mfcc,RandomForestClassifier,f1,0.0,1.29
Amphibian,mfcc,RandomForestClassifier,f1,0.0,1.29
Amphibian,mfcc,RandomForestClassifier,f1,0.0,1.29
Amphibian,mfcc,RandomForestClassifier,f1,0.0,1.29
Amphibian,mfcc,RandomForestClassifier,balanced_accuracy,0.5,1.29
Amphibian,mfcc,RandomForestClassifier,balanced_accuracy,0.5,1.29
Amphibian,mfcc,RandomForestClassifier,balanced_accuracy,0.49666666666666665,1.29
Amphibian,mfcc,RandomForestClassifier,balanced_accuracy,0.4966442953020134,1.29
Amphibian,mfcc,RandomForestClassifier,balanced_accuracy,0.5,1.29
Amphibian,mfcc,RandomForestClassifier,roc_auc,0.7393333333333333,1.29
Amphibian,mfcc,RandomForestClassifier,roc_auc,0.5,1.29
Amphibian,mfcc,RandomForestClassifier,roc_auc,0.9,1.29
Amphibian,mfcc,RandomForestClassifier,roc_auc,0.9,1.29
Amphibian,mfcc,RandomForestClassifier,roc_auc,0.7093959731543624,1.29
Amphibian,mfcc,GradientBoostingClassifier,f1,0.0,2.2
Amphibian,mfcc,GradientBoostingClassifier,f1,0.33333333333333337,2.2
Amphibian,mfcc,GradientBoostingClassifier,f1,0.0,2.2
Amphibian,mfcc,GradientBoostingClassifier,f1,0.0,2.2
Amphibian,mfcc,GradientBoostingClassifier,f1,0.0,2.2
Amphibian,mfcc,GradientBoostingClassifier,balanced_accuracy,0.5,2.2
Amphibian,mfcc,GradientBoostingClassifier,balanced_accuracy,0.6,2.2
Amphibian,mfcc,GradientBoostingClassifier,balanced_accuracy,0.49666666666666665,2.2
Amphibian,mfcc,GradientBoostingClassifier,balanced_accuracy,0.5,2.2
Amphibian,mfcc,GradientBoostingClassifier,balanced_accuracy,0.4899328859060403,2.2
Amphibian,mfcc,GradientBoostingClassifier,roc_auc,0.7573333333333333,2.2
Amphibian,mfcc,GradientBoostingClassifier,roc_auc,0.6066666666666667,2.2
Amphibian,mfcc,GradientBoostingClassifier,roc_auc,0.8524999999999999,2.2
Amphibian,mfcc,GradientBoostingClassifier,roc_auc,0.9476510067114093,2.2
Amphibian,mfcc,GradientBoostingClassifier,roc_auc,0.4832214765100671,2.2
Rain,shp,LinearSVC,f1,0.7297297297297297,0.08
Rain,shp,LinearSVC,f1,0.7435897435897436,0.08
Rain,shp,LinearSVC,f1,0.75,0.08
Rain,shp,LinearSVC,f1,0.7042253521126761,0.08
Rain,shp,LinearSVC,f1,0.835820895522388,0.08
Rain,shp,LinearSVC,balanced_accuracy,0.8940886699507389,0.08
Rain,shp,LinearSVC,balanced_accuracy,0.9206349206349207,0.08
Rain,shp,LinearSVC,balanced_accuracy,0.9146825396825398,0.08
Rain,shp,LinearSVC,balanced_accuracy,0.875,0.08
Rain,shp,LinearSVC,balanced_accuracy,0.9563492063492063,0.08
Rain,shp,LinearSVC,roc_auc,0.9326765188834154,0.08
Rain,shp,LinearSVC,roc_auc,0.9501915708812261,0.08
Rain,shp,LinearSVC,roc_auc,0.9543650793650794,0.08
Rain,shp,LinearSVC,roc_auc,0.9336734693877552,0.08
Rain,shp,LinearSVC,roc_auc,0.9801587301587302,0.08
Rain,shp,SGDClassifier,f1,0.5087719298245613,0.08
Rain,shp,SGDClassifier,f1,0.7341772151898733,0.08
Rain,shp,SGDClassifier,f1,0.782608695652174,0.08
Rain,shp,SGDClassifier,f1,0.7169811320754718,0.08
Rain,shp,SGDClassifier,f1,0.8518518518518519,0.08
Rain,shp,SGDClassifier,balanced_accuracy,0.7777777777777778,0.08
Rain,shp,SGDClassifier,balanced_accuracy,0.9166666666666667,0.08
Rain,shp,SGDClassifier,balanced_accuracy,0.9265873015873016,0.08
Rain,shp,SGDClassifier,balanced_accuracy,0.8154761904761905,0.08
Rain,shp,SGDClassifier,balanced_accuracy,0.8988095238095237,0.08
Rain,shp,SGDClassifier,roc_auc,0.941160372194855,0.08
Rain,shp,SGDClassifier,roc_auc,0.9510125889436235,0.08
Rain,shp,SGDClassifier,roc_auc,0.9611678004535148,0.08
Rain,shp,SGDClassifier,roc_auc,0.9365079365079365,0.08
Rain,shp,SGDClassifier,roc_auc,0.9841269841269842,0.08
Rain,shp,SVC,f1,0.8750000000000001,0.14
Rain,shp,SVC,f1,0.7714285714285715,0.14
Rain,shp,SVC,f1,0.8615384615384616,0.14
Rain,shp,SVC,f1,0.78125,0.14
Rain,shp,SVC,f1,0.9032258064516129,0.14
Rain,shp,SVC,balanced_accuracy,0.9549808429118773,0.14
Rain,shp,SVC,balanced_accuracy,0.9099616858237547,0.14
Rain,shp,SVC,balanced_accuracy,0.9642857142857143,0.14
Rain,shp,SVC,balanced_accuracy,0.9027777777777778,0.14
Rain,shp,SVC,balanced_accuracy,0.9761904761904762,0.14
Rain,shp,SVC,roc_auc,0.9846743295019157,0.14
Rain,shp,SVC,roc_auc,0.9723590585659552,0.14
Rain,shp,SVC,roc_auc,0.9946145124716553,0.14
Rain,shp,SVC,roc_auc,0.9520975056689343,0.14
Rain,shp,SVC,roc_auc,1.0,0.14
Rain,shp,LogisticRegression,f1,0.732394366197183,0.19
Rain,shp,LogisticRegression,f1,0.7222222222222221,0.19
Rain,shp,LogisticRegression,f1,0.7027027027027025,0.19
Rain,shp,LogisticRegression,f1,0.6133333333333333,0.19
Rain,shp,LogisticRegression,f1,0.8115942028985507,0.19
Rain,shp,LogisticRegression,balanced_accuracy,0.884783798576902,0.19
Rain,shp,LogisticRegression,balanced_accuracy,0.8808155446086481,0.19
Rain,shp,LogisticRegression,balanced_accuracy,0.8849206349206349,0.19
Rain,shp,LogisticRegression,balanced_accuracy,0.8154761904761905,0.19
Rain,shp,LogisticRegression,balanced_accuracy,0.9484126984126984,0.19
Rain,shp,LogisticRegression,roc_auc,0.9384236453201971,0.19
Rain,shp,LogisticRegression,roc_auc,0.9537493158182813,0.19
Rain,shp,LogisticRegression,roc_auc,0.9424603174603174,0.19
Rain,shp,LogisticRegression,roc_auc,0.9175170068027211,0.19
Rain,shp,LogisticRegression,roc_auc,0.9832766439909297,0.19
Rain,shp,DecisionTreeClassifier,f1,0.7755102040816326,0.09
Rain,shp,DecisionTreeClassifier,f1,0.6315789473684211,0.09
Rain,shp,DecisionTreeClassifier,f1,0.8070175438596492,0.09
Rain,shp,DecisionTreeClassifier,f1,0.721311475409836,0.09
Rain,shp,DecisionTreeClassifier,f1,0.9285714285714286,0.09
Rain,shp,DecisionTreeClassifier,balanced_accuracy,0.8236179529282978,0.09
Rain,shp,DecisionTreeClassifier,balanced_accuracy,0.7706622879036672,0.09
Rain,shp,DecisionTreeClassifier,balanced_accuracy,0.8869047619047619,0.09
Rain,shp,DecisionTreeClassifier,balanced_accuracy,0.8492063492063492,0.09
Rain,shp,DecisionTreeClassifier,balanced_accuracy,0.9563492063492063,0.09
Rain,shp,DecisionTreeClassifier,roc_auc,0.8236179529282978,0.09
Rain,shp,DecisionTreeClassifier,roc_auc,0.7706622879036672,0.09
Rain,shp,DecisionTreeClassifier,roc_auc,0.8869047619047619,0.09
Rain,shp,DecisionTreeClassifier,roc_auc,0.8492063492063491,0.09
Rain,shp,DecisionTreeClassifier,roc_auc,0.9563492063492064,0.09
Rain,shp,RandomForestClassifier,f1,0.7659574468085107,1.35
Rain,shp,RandomForestClassifier,f1,0.8076923076923076,1.35
Rain,shp,RandomForestClassifier,f1,0.8571428571428571,1.35
Rain,shp,RandomForestClassifier,f1,0.8070175438596492,1.35
Rain,shp,RandomForestClassifier,f1,0.9642857142857143,1.35
Rain,shp,RandomForestClassifier,balanced_accuracy,0.8103448275862069,1.35
Rain,shp,RandomForestClassifier,balanced_accuracy,0.8541324575807334,1.35
Rain,shp,RandomForestClassifier,balanced_accuracy,0.9126984126984127,1.35
Rain,shp,RandomForestClassifier,balanced_accuracy,0.8869047619047619,1.35
Rain,shp,RandomForestClassifier,balanced_accuracy,0.9781746031746033,1.35
Rain,shp,RandomForestClassifier,roc_auc,0.9545703338806788,1.35
Rain,shp,RandomForestClassifier,roc_auc,0.9623700054734537,1.35
Rain,shp,RandomForestClassifier,roc_auc,0.9800170068027211,1.35
Rain,shp,RandomForestClassifier,roc_auc,0.9173752834467119,1.35
Rain,shp,RandomForestClassifier,roc_auc,0.9984410430839001,1.35
Rain,shp,GradientBoostingClassifier,f1,0.7916666666666666,1.85
Rain,shp,GradientBoostingClassifier,f1,0.8070175438596492,1.85
Rain,shp,GradientBoostingClassifier,f1,0.8518518518518519,1.85
Rain,shp,GradientBoostingClassifier,f1,0.7540983606557378,1.85
Rain,shp,GradientBoostingClassifier,f1,0.9642857142857143,1.85
Rain,shp,GradientBoostingClassifier,balanced_accuracy,0.8275862068965517,1.85
Rain,shp,GradientBoostingClassifier,balanced_accuracy,0.8767104542966613,1.85
Rain,shp,GradientBoostingClassifier,balanced_accuracy,0.8988095238095237,1.85
Rain,shp,GradientBoostingClassifier,balanced_accuracy,0.871031746031746,1.85
Rain,shp,GradientBoostingClassifier,balanced_accuracy,0.9781746031746033,1.85
Rain,shp,GradientBoostingClassifier,roc_auc,0.9641488779419813,1.85
Rain,shp,GradientBoostingClassifier,roc_auc,0.9584017515051997,1.85
Rain,shp,GradientBoostingClassifier,roc_auc,0.9863945578231292,1.85
Rain,shp,GradientBoostingClassifier,roc_auc,0.9384920634920635,1.85
Rain,shp,GradientBoostingClassifier,roc_auc,0.9997165532879818,1.85
Insects,shp,LinearSVC,f1,0.5714285714285714,0.07
Insects,shp,LinearSVC,f1,0.6242038216560509,0.07
Insects,shp,LinearSVC,f1,0.6845637583892619,0.07
Insects,shp,LinearSVC,f1,0.6344827586206897,0.07
Insects,shp,LinearSVC,f1,0.6153846153846153,0.07
Insects,shp,LinearSVC,balanced_accuracy,0.5791552197802198,0.07
Insects,shp,LinearSVC,balanced_accuracy,0.6410542582417582,0.07
Insects,shp,LinearSVC,balanced_accuracy,0.7124542124542125,0.07
Insects,shp,LinearSVC,balanced_accuracy,0.6672771672771672,0.07
Insects,shp,LinearSVC,balanced_accuracy,0.6336996336996337,0.07
Insects,shp,LinearSVC,roc_auc,0.5637877747252747,0.07
Insects,shp,LinearSVC,roc_auc,0.6885302197802199,0.07
Insects,shp,LinearSVC,roc_auc,0.7283272283272284,0.07
Insects,shp,LinearSVC,roc_auc,0.6907378335949763,0.07
Insects,shp,LinearSVC,roc_auc,0.6571603000174429,0.07
Insects,shp,SGDClassifier,f1,0.4511278195488722,0.09
Insects,shp,SGDClassifier,f1,0.6358381502890174,0.09
Insects,shp,SGDClassifier,f1,0.0,0.09
Insects,shp,SGDClassifier,f1,0.0,0.09
Insects,shp,SGDClassifier,f1,0.6028708133971292,0.09
Insects,shp,SGDClassifier,balanced_accuracy,0.5200892857142857,0.09
Insects,shp,SGDClassifier,balanced_accuracy,0.6329842032967032,0.09
Insects,shp,SGDClassifier,balanced_accuracy,0.5,0.09
Insects,shp,SGDClassifier,balanced_accuracy,0.5,0.09
Insects,shp,SGDClassifier,balanced_accuracy,0.5439560439560439,0.09
Insects,shp,SGDClassifier,roc_auc,0.5661916208791209,0.09
Insects,shp,SGDClassifier,roc_auc,0.696771978021978,0.09
Insects,shp,SGDClassifier,roc_auc,0.7332112332112333,0.09
Insects,shp,SGDClassifier,roc_auc,0.690040118611547,0.09
Insects,shp,SGDClassifier,roc_auc,0.6491365777080063,0.09
Insects,shp,SVC,f1,0.5977011494252874,0.25
Insects,shp,SVC,f1,0.6436781609195402,0.25
Insects,shp,SVC,f1,0.7065868263473054,0.25
Insects,shp,SVC,f1,0.6545454545454545,0.25
Insects,shp,SVC,f1,0.6704545454545455,0.25
Insects,shp,SVC,balanced_accuracy,0.5875686813186813,0.25
Insects,shp,SVC,balanced_accuracy,0.6407967032967032,0.25
Insects,shp,SVC,balanced_accuracy,0.721001221001221,0.25
Insects,shp,SVC,balanced_accuracy,0.6648351648351648,0.25
Insects,shp,SVC,balanced_accuracy,0.6715506715506716,0.25
Insects,shp,SVC,roc_auc,0.5928056318681318,0.25
Insects,shp,SVC,roc_auc,0.6713598901098901,0.25
Insects,shp,SVC,roc_auc,0.7752485609628467,0.25
Insects,shp,SVC,roc_auc,0.7012035583464155,0.25
Insects,shp,SVC,roc_auc,0.6854177568463282,0.25
Insects,shp,LogisticRegression,f1,0.5679012345679012,0.19
Insects,shp,LogisticRegression,f1,0.6233766233766235,0.19
Insects,shp,LogisticRegression,f1,0.6887417218543046,0.19
Insects,shp,LogisticRegression,f1,0.6527777777777778,0.19
Insects,shp,LogisticRegression,f1,0.5789473684210525,0.19
Insects,shp,LogisticRegression,balanced_accuracy,0.5736607142857143,0.19
Insects,shp,LogisticRegression,balanced_accuracy,0.6442307692307692,0.19
Insects,shp,LogisticRegression,balanced_accuracy,0.7148962148962148,0.19
Insects,shp,LogisticRegression,balanced_accuracy,0.6862026862026862,0.19
Insects,shp,LogisticRegression,balanced_accuracy,0.6019536019536019,0.19
Insects,shp,LogisticRegression,roc_auc,0.5552026098901099,0.19
Insects,shp,LogisticRegression,roc_auc,0.6629464285714285,0.19
Insects,shp,LogisticRegression,roc_auc,0.71716378859236,0.19
Insects,shp,LogisticRegression,roc_auc,0.6797488226059655,0.19
Insects,shp,LogisticRegression,roc_auc,0.6550671550671551,0.19
Insects,shp,DecisionTreeClassifier,f1,0.4888888888888889,0.12
Insects,shp,DecisionTreeClassifier,f1,0.5034965034965034,0.12
Insects,shp,DecisionTreeClassifier,f1,0.5777777777777778,0.12
Insects,shp,DecisionTreeClassifier,f1,0.5714285714285714,0.12
Insects,shp,DecisionTreeClassifier,f1,0.48739495798319327,0.12
Insects,shp,DecisionTreeClassifier,balanced_accuracy,0.5490212912087913,0.12
Insects,shp,DecisionTreeClassifier,balanced_accuracy,0.5449862637362637,0.12
Insects,shp,DecisionTreeClassifier,balanced_accuracy,0.6282051282051282,0.12
Insects,shp,DecisionTreeClassifier,balanced_accuracy,0.6257631257631258,0.12
Insects,shp,DecisionTreeClassifier,balanced_accuracy,0.5818070818070818,0.12
Insects,shp,DecisionTreeClassifier,roc_auc,0.5546875,0.12
Insects,shp,DecisionTreeClassifier,roc_auc,0.5474759615384616,0.12
Insects,shp,DecisionTreeClassifier,roc_auc,0.6224489795918366,0.12
Insects,shp,DecisionTreeClassifier,roc_auc,0.6201814058956916,0.12
Insects,shp,DecisionTreeClassifier,roc_auc,0.5796267224838654,0.12
Insects,shp,RandomForestClassifier,f1,0.45528455284552843,1.69
Insects,shp,RandomForestClassifier,f1,0.5899280575539567,1.69
Insects,shp,RandomForestClassifier,f1,0.5619834710743802,1.69
Insects,shp,RandomForestClassifier,f1,0.4727272727272727,1.69
Insects,shp,RandomForestClassifier,f1,0.4666666666666667,1.69
Insects,shp,RandomForestClassifier,balanced_accuracy,0.5484203296703296,1.69
Insects,shp,RandomForestClassifier,balanced_accuracy,0.6334993131868132,1.69
Insects,shp,RandomForestClassifier,balanced_accuracy,0.6379731379731379,1.69
Insects,shp,RandomForestClassifier,balanced_accuracy,0.590964590964591,1.69
Insects,shp,RandomForestClassifier,balanced_accuracy,0.5628815628815629,1.69
Insects,shp,RandomForestClassifier,roc_auc,0.6163289835164836,1.69
Insects,shp,RandomForestClassifier,roc_auc,0.6883585164835165,1.69
Insects,shp,RandomForestClassifier,roc_auc,0.7325135182278039,1.69
Insects,shp,RandomForestClassifier,roc_auc,0.6654456654456655,1.69
Insects,shp,RandomForestClassifier,roc_auc,0.6492237920809348,1.69
Insects,shp,GradientBoostingClassifier,f1,0.47540983606557374,1.81
Insects,shp,GradientBoostingClassifier,f1,0.5441176470588235,1.81
Insects,shp,GradientBoostingClassifier,f1,0.6129032258064517,1.81
Insects,shp,GradientBoostingClassifier,f1,0.5365853658536585,1.81
Insects,shp,GradientBoostingClassifier,f1,0.5128205128205129,1.81
Insects,shp,GradientBoostingClassifier,balanced_accuracy,0.5672218406593407,1.81
Insects,shp,GradientBoostingClassifier,balanced_accuracy,0.5967548076923077,1.81
Insects,shp,GradientBoostingClassifier,balanced_accuracy,0.6752136752136753,1.81
Insects,shp,GradientBoostingClassifier,balanced_accuracy,0.6135531135531136,1.81
Insects,shp,GradientBoostingClassifier,balanced_accuracy,0.6062271062271063,1.81
Insects,shp,GradientBoostingClassifier,roc_auc,0.6376201923076923,1.81
Insects,shp,GradientBoostingClassifier,roc_auc,0.6895604395604396,1.81
Insects,shp,GradientBoostingClassifier,roc_auc,0.7503052503052503,1.81
Insects,shp,GradientBoostingClassifier,roc_auc,0.6905634048491192,1.81
Insects,shp,GradientBoostingClassifier,roc_auc,0.7021629164486307,1.81
Birds,shp,LinearSVC,f1,0.17142857142857143,0.09
Birds,shp,LinearSVC,f1,0.24444444444444446,0.09
Birds,shp,LinearSVC,f1,0.1686746987951807,0.09
Birds,shp,LinearSVC,f1,0.17283950617283952,0.09
Birds,shp,LinearSVC,f1,0.28915662650602414,0.09
Birds,shp,LinearSVC,balanced_accuracy,0.5061807331628304,0.09
Birds,shp,LinearSVC,balanced_accuracy,0.5829278183292782,0.09
Birds,shp,LinearSVC,balanced_accuracy,0.4905538857878918,0.09
Birds,shp,LinearSVC,balanced_accuracy,0.49785315586088447,0.09
Birds,shp,LinearSVC,balanced_accuracy,0.6558608844997853,0.09
Birds,shp,LinearSVC,roc_auc,0.5210997442455243,0.09
Birds,shp,LinearSVC,roc_auc,0.6729521492295215,0.09
Birds,shp,LinearSVC,roc_auc,0.5732073851438386,0.09
Birds,shp,LinearSVC,roc_auc,0.6131386861313869,0.09
Birds,shp,LinearSVC,roc_auc,0.6595105195362816,0.09
Birds,shp,SGDClassifier,f1,0.2222222222222222,0.1
Birds,shp,SGDClassifier,f1,0.09999999999999999,0.1
Birds,shp,SGDClassifier,f1,0.2191780821917808,0.1
Birds,shp,SGDClassifier,f1,0.15873015873015875,0.1
Birds,shp,SGDClassifier,f1,0.19999999999999998,0.1
Birds,shp,SGDClassifier,balanced_accuracy,0.5684143222506394,0.1
Birds,shp,SGDClassifier,balanced_accuracy,0.5241281427412814,0.1
Birds,shp,SGDClassifier,balanced_accuracy,0.55817947617003,0.1
Birds,shp,SGDClassifier,balanced_accuracy,0.49742378703306145,0.1
Birds,shp,SGDClassifier,balanced_accuracy,0.5036496350364964,0.1
Birds,shp,SGDClassifier,roc_auc,0.5223785166240409,0.1
Birds,shp,SGDClassifier,roc_auc,0.6713300892133008,0.1
Birds,shp,SGDClassifier,roc_auc,0.5710605410047231,0.1
Birds,shp,SGDClassifier,roc_auc,0.6062687848862173,0.1
Birds,shp,SGDClassifier,roc_auc,0.6595105195362816,0.1
Birds,shp,SVC,f1,0.28865979381443296,0.23
Birds,shp,SVC,f1,0.3218390804597701,0.23
Birds,shp,SVC,f1,0.2988505747126437,0.23
Birds,shp,SVC,f1,0.35555555555555557,0.23
Birds,shp,SVC,f1,0.2916666666666667,0.23
Birds,shp,SVC,balanced_accuracy,0.6726342710997442,0.23
Birds,shp,SVC,balanced_accuracy,0.6881589618815896,0.23
Birds,shp,SVC,balanced_accuracy,0.6743237440961786,0.23
Birds,shp,SVC,balanced_accuracy,0.7625590382138256,0.23
Birds,shp,SVC,balanced_accuracy,0.6745384285100902,0.23
Birds,shp,SVC,roc_auc,0.6370417732310315,0.23
Birds,shp,SVC,roc_auc,0.7970397404703974,0.23
Birds,shp,SVC,roc_auc,0.7196221554315156,0.23
Birds,shp,SVC,roc_auc,0.7921854873336195,0.23
Birds,shp,SVC,roc_auc,0.7320738514383855,0.23
Birds,shp,LogisticRegression,f1,0.14814814814814817,0.13
Birds,shp,LogisticRegression,f1,0.3,0.13
Birds,shp,LogisticRegression,f1,0.23728813559322035,0.13
Birds,shp,LogisticRegression,f1,0.21875,0.13
Birds,shp,LogisticRegression,f1,0.28571428571428564,0.13
Birds,shp,LogisticRegression,balanced_accuracy,0.4980818414322251,0.13
Birds,shp,LogisticRegression,balanced_accuracy,0.6295620437956204,0.13
Birds,shp,LogisticRegression,balanced_accuracy,0.5781451266638042,0.13
Birds,shp,LogisticRegression,balanced_accuracy,0.5598969514813225,0.13
Birds,shp,LogisticRegression,balanced_accuracy,0.622155431515672,0.13
Birds,shp,LogisticRegression,roc_auc,0.5445439045183291,0.13
Birds,shp,LogisticRegression,roc_auc,0.6486212489862124,0.13
Birds,shp,LogisticRegression,roc_auc,0.6148561614426793,0.13
Birds,shp,LogisticRegression,roc_auc,0.6230141691713181,0.13
Birds,shp,LogisticRegression,roc_auc,0.6942893945899528,0.13
Birds,shp,DecisionTreeClassifier,f1,0.2380952380952381,0.12
Birds,shp,DecisionTreeClassifier,f1,0.17647058823529413,0.12
Birds,shp,DecisionTreeClassifier,f1,0.2222222222222222,0.12
Birds,shp,DecisionTreeClassifier,f1,0.34285714285714286,0.12
Birds,shp,DecisionTreeClassifier,f1,0.15384615384615383,0.12
Birds,shp,DecisionTreeClassifier,balanced_accuracy,0.5745950554134698,0.12
Birds,shp,DecisionTreeClassifier,balanced_accuracy,0.5358880778588808,0.12
Birds,shp,DecisionTreeClassifier,balanced_accuracy,0.5629025332760842,0.12
Birds,shp,DecisionTreeClassifier,balanced_accuracy,0.6326749677973379,0.12
Birds,shp,DecisionTreeClassifier,balanced_accuracy,0.5188922284242163,0.12
Birds,shp,DecisionTreeClassifier,roc_auc,0.5745950554134698,0.12
Birds,shp,DecisionTreeClassifier,roc_auc,0.5371046228710462,0.12
Birds,shp,DecisionTreeClassifier,roc_auc,0.5613997423787034,0.12
Birds,shp,DecisionTreeClassifier,roc_auc,0.6313868613138687,0.12
Birds,shp,DecisionTreeClassifier,roc_auc,0.5201803349076858,0.12
Birds,shp,RandomForestClassifier,f1,0.0,1.57
Birds,shp,RandomForestClassifier,f1,0.09523809523809525,1.57
Birds,shp,RandomForestClassifier,f1,0.09523809523809523,1.57
Birds,shp,RandomForestClassifier,f1,0.0,1.57
Birds,shp,RandomForestClassifier,f1,0.1818181818181818,1.57
Birds,shp,RandomForestClassifier,balanced_accuracy,0.4891304347826087,1.57
Birds,shp,RandomForestClassifier,balanced_accuracy,0.5204785077047851,1.57
Birds,shp,RandomForestClassifier,balanced_accuracy,0.5184628595963933,1.57
Birds,shp,RandomForestClassifier,balanced_accuracy,0.4927007299270073,1.57
Birds,shp,RandomForestClassifier,balanced_accuracy,0.5478746243022756,1.57
Birds,shp,RandomForestClassifier,roc_auc,0.6165814151747655,1.57
Birds,shp,RandomForestClassifier,roc_auc,0.674168694241687,1.57
Birds,shp,RandomForestClassifier,roc_auc,0.6947187634177758,1.57
Birds,shp,RandomForestClassifier,roc_auc,0.7715757835981107,1.57
Birds,shp,RandomForestClassifier,roc_auc,0.6844139115500215,1.57
Birds,shp,GradientBoostingClassifier,f1,0.0,1.81
Birds,shp,GradientBoostingClassifier,f1,0.09523809523809525,1.81
Birds,shp,GradientBoostingClassifier,f1,0.1818181818181818,1.81
Birds,shp,GradientBoostingClassifier,f1,0.16666666666666666,1.81
Birds,shp,GradientBoostingClassifier,f1,0.09523809523809523,1.81
Birds,shp,GradientBoostingClassifier,balanced_accuracy,0.47101449275362317,1.81
Birds,shp,GradientBoostingClassifier,balanced_accuracy,0.5204785077047851,1.81
Birds,shp,GradientBoostingClassifier,balanced_accuracy,0.5478746243022756,1.81
Birds,shp,GradientBoostingClassifier,balanced_accuracy,0.5405753542292829,1.81
Birds,shp,GradientBoostingClassifier,balanced_accuracy,0.5184628595963933,1.81
Birds,shp,GradientBoostingClassifier,roc_auc,0.5850383631713555,1.81
Birds,shp,GradientBoostingClassifier,roc_auc,0.6506488240064882,1.81
Birds,shp,GradientBoostingClassifier,roc_auc,0.6504937741519965,1.81
Birds,shp,GradientBoostingClassifier,roc_auc,0.7518248175182481,1.81
Birds,shp,GradientBoostingClassifier,roc_auc,0.6595105195362817,1.81
Bats,shp,LinearSVC,f1,0.28571428571428575,0.09
Bats,shp,LinearSVC,f1,0.28888888888888886,0.09
Bats,shp,LinearSVC,f1,0.30303030303030304,0.09
Bats,shp,LinearSVC,f1,0.3181818181818182,0.09
Bats,shp,LinearSVC,f1,0.28571428571428575,0.09
Bats,shp,LinearSVC,balanced_accuracy,0.6613384484228474,0.09
Bats,shp,LinearSVC,balanced_accuracy,0.6649616368286444,0.09
Bats,shp,LinearSVC,balanced_accuracy,0.6966509231429798,0.09
Bats,shp,LinearSVC,balanced_accuracy,0.7037355088020609,0.09
Bats,shp,LinearSVC,balanced_accuracy,0.6597252039501932,0.09
Bats,shp,LinearSVC,roc_auc,0.7497868712702472,0.09
Bats,shp,LinearSVC,roc_auc,0.7284739982949702,0.09
Bats,shp,LinearSVC,roc_auc,0.7775869471876342,0.09
Bats,shp,LinearSVC,roc_auc,0.7621296693860025,0.09
Bats,shp,LinearSVC,roc_auc,0.7256333190210391,0.09
Bats,shp,SGDClassifier,f1,0.2151898734177215,0.1
Bats,shp,SGDClassifier,f1,0.0,0.1
Bats,shp,SGDClassifier,f1,0.23287671232876714,0.1
Bats,shp,SGDClassifier,f1,0.0,0.1
Bats,shp,SGDClassifier,f1,0.30952380952380953,0.1
Bats,shp,SGDClassifier,balanced_accuracy,0.5507246376811594,0.1
Bats,shp,SGDClassifier,balanced_accuracy,0.5,0.1
Bats,shp,SGDClassifier,balanced_accuracy,0.5912408759124088,0.1
Bats,shp,SGDClassifier,balanced_accuracy,0.4927007299270073,0.1
Bats,shp,SGDClassifier,balanced_accuracy,0.6852726492056677,0.1
Bats,shp,SGDClassifier,roc_auc,0.763000852514919,0.1
Bats,shp,SGDClassifier,roc_auc,0.7306052855924978,0.1
Bats,shp,SGDClassifier,roc_auc,0.776728209531988,0.1
Bats,shp,SGDClassifier,roc_auc,0.7625590382138256,0.1
Bats,shp,SGDClassifier,roc_auc,0.7299270072992701,0.1
Bats,shp,SVC,f1,0.3119266055045872,0.2
Bats,shp,SVC,f1,0.29411764705882354,0.2
Bats,shp,SVC,f1,0.3106796116504854,0.2
Bats,shp,SVC,f1,0.3137254901960784,0.2
Bats,shp,SVC,f1,0.26548672566371684,0.2
Bats,shp,SVC,balanced_accuracy,0.7282608695652174,0.2
Bats,shp,SVC,balanced_accuracy,0.6875532821824382,0.2
Bats,shp,SVC,balanced_accuracy,0.7151137827393731,0.2
Bats,shp,SVC,balanced_accuracy,0.7187634177758695,0.2
Bats,shp,SVC,balanced_accuracy,0.6455560326320309,0.2
Bats,shp,SVC,roc_auc,0.7544757033248082,0.2
Bats,shp,SVC,roc_auc,0.7433930093776642,0.2
Bats,shp,SVC,roc_auc,0.7417346500644053,0.2
Bats,shp,SVC,roc_auc,0.7187634177758695,0.2
Bats,shp,SVC,roc_auc,0.7110347788750537,0.2
Bats,shp,LogisticRegression,f1,0.3191489361702128,0.18
Bats,shp,LogisticRegression,f1,0.28888888888888886,0.18
Bats,shp,LogisticRegression,f1,0.27956989247311825,0.18
Bats,shp,LogisticRegression,f1,0.34090909090909094,0.18
Bats,shp,LogisticRegression,f1,0.30769230769230765,0.18
Bats,shp,LogisticRegression,balanced_accuracy,0.716538789428815,0.18
Bats,shp,LogisticRegression,balanced_accuracy,0.6649616368286444,0.18
Bats,shp,LogisticRegression,balanced_accuracy,0.6524259338772005,0.18
Bats,shp,LogisticRegression,balanced_accuracy,0.7367969085444397,0.18
Bats,shp,LogisticRegression,balanced_accuracy,0.6927866036925718,0.18
Bats,shp,LogisticRegression,roc_auc,0.7399829497016197,0.18
Bats,shp,LogisticRegression,roc_auc,0.7233589087809036,0.18
Bats,shp,LogisticRegression,roc_auc,0.7687848862172606,0.18
Bats,shp,LogisticRegression,roc_auc,0.7307857449549163,0.18
Bats,shp,LogisticRegression,roc_auc,0.7294976384714469,0.18
Bats,shp,DecisionTreeClassifier,f1,0.1081081081081081,0.1
Bats,shp,DecisionTreeClassifier,f1,0.24242424242424243,0.1
Bats,shp,DecisionTreeClassifier,f1,0.3888888888888889,0.1
Bats,shp,DecisionTreeClassifier,f1,0.12121212121212122,0.1
Bats,shp,DecisionTreeClassifier,f1,0.28571428571428564,0.1
Bats,shp,DecisionTreeClassifier,balanced_accuracy,0.4936061381074169,0.1
Bats,shp,DecisionTreeClassifier,balanced_accuracy,0.5741687979539641,0.1
Bats,shp,DecisionTreeClassifier,balanced_accuracy,0.6620867325032203,0.1
Bats,shp,DecisionTreeClassifier,balanced_accuracy,0.5077286389008158,0.1
Bats,shp,DecisionTreeClassifier,balanced_accuracy,0.6071275225418634,0.1
Bats,shp,DecisionTreeClassifier,roc_auc,0.49488491048593347,0.1
Bats,shp,DecisionTreeClassifier,roc_auc,0.5741687979539642,0.1
Bats,shp,DecisionTreeClassifier,roc_auc,0.6620867325032201,0.1
Bats,shp,DecisionTreeClassifier,roc_auc,0.508158007728639,0.1
Bats,shp,DecisionTreeClassifier,roc_auc,0.6097037355088021,0.1
Bats,shp,RandomForestClassifier,f1,0.0,1.48
Bats,shp,RandomForestClassifier,f1,0.0,1.48
Bats,shp,RandomForestClassifier,f1,0.0,1.48
Bats,shp,RandomForestClassifier,f1,0.0,1.48
Bats,shp,RandomForestClassifier,f1,0.0,1.48
Bats,shp,RandomForestClassifier,balanced_accuracy,0.4855072463768116,1.48
Bats,shp,RandomForestClassifier,balanced_accuracy,0.5,1.48
Bats,shp,RandomForestClassifier,balanced_accuracy,0.5,1.48
Bats,shp,RandomForestClassifier,balanced_accuracy,0.4854014598540146,1.48
Bats,shp,RandomForestClassifier,balanced_accuracy,0.4927007299270073,1.48
Bats,shp,RandomForestClassifier,roc_auc,0.7943307757885764,1.48
Bats,shp,RandomForestClassifier,roc_auc,0.7638533674339301,1.48
Bats,shp,RandomForestClassifier,roc_auc,0.767711464147703,1.48
Bats,shp,RandomForestClassifier,roc_auc,0.723271790468012,1.48
Bats,shp,RandomForestClassifier,roc_auc,0.7539716616573637,1.48
Bats,shp,GradientBoostingClassifier,f1,0.3478260869565218,1.81
Bats,shp,GradientBoostingClassifier,f1,0.19047619047619047,1.81
Bats,shp,GradientBoostingClassifier,f1,0.2,1.81
Bats,shp,GradientBoostingClassifier,f1,0.07999999999999999,1.81
Bats,shp,GradientBoostingClassifier,f1,0.09523809523809523,1.81
Bats,shp,GradientBoostingClassifier,balanced_accuracy,0.6104006820119352,1.81
Bats,shp,GradientBoostingClassifier,balanced_accuracy,0.5515771526001705,1.81
Bats,shp,GradientBoostingClassifier,balanced_accuracy,0.5551738943752683,1.81
Bats,shp,GradientBoostingClassifier,balanced_accuracy,0.5038643194504079,1.81
Bats,shp,GradientBoostingClassifier,balanced_accuracy,0.5184628595963933,1.81
Bats,shp,GradientBoostingClassifier,roc_auc,0.773231031543052,1.81
Bats,shp,GradientBoostingClassifier,roc_auc,0.7297527706734868,1.81
Bats,shp,GradientBoostingClassifier,roc_auc,0.697080291970803,1.81
Bats,shp,GradientBoostingClassifier,roc_auc,0.6734650064405324,1.81
Bats,shp,GradientBoostingClassifier,roc_auc,0.7531129240017175,1.81
Anthrophony,shp,LinearSVC,f1,0.18556701030927836,0.09
Anthrophony,shp,LinearSVC,f1,0.20833333333333331,0.09
Anthrophony,shp,LinearSVC,f1,0.1443298969072165,0.09
Anthrophony,shp,LinearSVC,f1,0.24444444444444444,0.09
Anthrophony,shp,LinearSVC,f1,0.163265306122449,0.09
Anthrophony,shp,LinearSVC,balanced_accuracy,0.5392857142857143,0.09
Anthrophony,shp,LinearSVC,balanced_accuracy,0.5797619047619047,0.09
Anthrophony,shp,LinearSVC,balanced_accuracy,0.47857142857142854,0.09
Anthrophony,shp,LinearSVC,balanced_accuracy,0.6607142857142857,0.09
Anthrophony,shp,LinearSVC,balanced_accuracy,0.49688249400479617,0.09
Anthrophony,shp,LinearSVC,roc_auc,0.5995238095238095,0.09
Anthrophony,shp,LinearSVC,roc_auc,0.6233333333333334,0.09
Anthrophony,shp,LinearSVC,roc_auc,0.5311224489795918,0.09
Anthrophony,shp,LinearSVC,roc_auc,0.6882653061224488,0.09
Anthrophony,shp,LinearSVC,roc_auc,0.557074340527578,0.09
Anthrophony,shp,SGDClassifier,f1,0.0,0.09
Anthrophony,shp,SGDClassifier,f1,0.0,0.09
Anthrophony,shp,SGDClassifier,f1,0.13186813186813187,0.09
Anthrophony,shp,SGDClassifier,f1,0.18543046357615892,0.09
Anthrophony,shp,SGDClassifier,f1,0.19753086419753085,0.09
Anthrophony,shp,SGDClassifier,balanced_accuracy,0.5,0.09
Anthrophony,shp,SGDClassifier,balanced_accuracy,0.5,0.09
Anthrophony,shp,SGDClassifier,balanced_accuracy,0.46071428571428574,0.09
Anthrophony,shp,SGDClassifier,balanced_accuracy,0.5607142857142857,0.09
Anthrophony,shp,SGDClassifier,balanced_accuracy,0.5580335731414868,0.09
Anthrophony,shp,SGDClassifier,roc_auc,0.5933333333333333,0.09
Anthrophony,shp,SGDClassifier,roc_auc,0.6247619047619047,0.09
Anthrophony,shp,SGDClassifier,roc_auc,0.5403061224489796,0.09
Anthrophony,shp,SGDClassifier,roc_auc,0.6913265306122448,0.09
Anthrophony,shp,SGDClassifier,roc_auc,0.5455635491606715,0.09
Anthrophony,shp,SVC,f1,0.18367346938775508,0.24
Anthrophony,shp,SVC,f1,0.21621621621621623,0.24
Anthrophony,shp,SVC,f1,0.16822429906542055,0.24
Anthrophony,shp,SVC,f1,0.22807017543859648,0.24
Anthrophony,shp,SVC,f1,0.1774193548387097,0.24
Anthrophony,shp,SVC,balanced_accuracy,0.5357142857142857,0.24
Anthrophony,shp,SVC,balanced_accuracy,0.6000000000000001,0.24
Anthrophony,shp,SVC,balanced_accuracy,0.5214285714285715,0.24
Anthrophony,shp,SVC,balanced_accuracy,0.6535714285714286,0.24
Anthrophony,shp,SVC,balanced_accuracy,0.5141486810551559,0.24
Anthrophony,shp,SVC,roc_auc,0.5080952380952382,0.24
Anthrophony,shp,SVC,roc_auc,0.6442857142857144,0.24
Anthrophony,shp,SVC,roc_auc,0.5357142857142857,0.24
Anthrophony,shp,SVC,roc_auc,0.7030612244897958,0.24
Anthrophony,shp,SVC,roc_auc,0.5786570743405276,0.24
Anthrophony,shp,LogisticRegression,f1,0.20143884892086333,0.18
Anthrophony,shp,LogisticRegression,f1,0.21739130434782608,0.18
Anthrophony,shp,LogisticRegression,f1,0.11494252873563218,0.18
Anthrophony,shp,LogisticRegression,f1,0.17777777777777778,0.18
Anthrophony,shp,LogisticRegression,f1,0.1702127659574468,0.18
Anthrophony,shp,LogisticRegression,balanced_accuracy,0.5738095238095238,0.18
Anthrophony,shp,LogisticRegression,balanced_accuracy,0.594047619047619,0.18
Anthrophony,shp,LogisticRegression,balanced_accuracy,0.4357142857142857,0.18
Anthrophony,shp,LogisticRegression,balanced_accuracy,0.5428571428571428,0.18
Anthrophony,shp,LogisticRegression,balanced_accuracy,0.5112709832134292,0.18
Anthrophony,shp,LogisticRegression,roc_auc,0.5895238095238096,0.18
Anthrophony,shp,LogisticRegression,roc_auc,0.6109523809523809,0.18
Anthrophony,shp,LogisticRegression,roc_auc,0.5122448979591836,0.18
Anthrophony,shp,LogisticRegression,roc_auc,0.6311224489795918,0.18
Anthrophony,shp,LogisticRegression,roc_auc,0.5124700239808153,0.18
Anthrophony,shp,DecisionTreeClassifier,f1,0.25,0.12
Anthrophony,shp,DecisionTreeClassifier,f1,0.08695652173913045,0.12
Anthrophony,shp,DecisionTreeClassifier,f1,0.0,0.12
Anthrophony,shp,DecisionTreeClassifier,f1,0.12903225806451615,0.12
Anthrophony,shp,DecisionTreeClassifier,f1,0.08333333333333334,0.12
Anthrophony,shp,DecisionTreeClassifier,balanced_accuracy,0.5785714285714286,0.12
Anthrophony,shp,DecisionTreeClassifier,balanced_accuracy,0.5083333333333333,0.12
Anthrophony,shp,DecisionTreeClassifier,balanced_accuracy,0.45357142857142857,0.12
Anthrophony,shp,DecisionTreeClassifier,balanced_accuracy,0.5178571428571429,0.12
Anthrophony,shp,DecisionTreeClassifier,balanced_accuracy,0.5045563549160672,0.12
Anthrophony,shp,DecisionTreeClassifier,roc_auc,0.5785714285714286,0.12
Anthrophony,shp,DecisionTreeClassifier,roc_auc,0.5083333333333333,0.12
Anthrophony,shp,DecisionTreeClassifier,roc_auc,0.45357142857142857,0.12
Anthrophony,shp,DecisionTreeClassifier,roc_auc,0.5193877551020408,0.12
Anthrophony,shp,DecisionTreeClassifier,roc_auc,0.5045563549160672,0.12
Anthrophony,shp,RandomForestClassifier,f1,0.0,1.47
Anthrophony,shp,RandomForestClassifier,f1,0.0,1.47
Anthrophony,shp,RandomForestClassifier,f1,0.0,1.47
Anthrophony,shp,RandomForestClassifier,f1,0.0,1.47
Anthrophony,shp,RandomForestClassifier,f1,0.0,1.47
Anthrophony,shp,RandomForestClassifier,balanced_accuracy,0.49642857142857144,1.47
Anthrophony,shp,RandomForestClassifier,balanced_accuracy,0.5,1.47
Anthrophony,shp,RandomForestClassifier,balanced_accuracy,0.49642857142857144,1.47
Anthrophony,shp,RandomForestClassifier,balanced_accuracy,0.5,1.47
Anthrophony,shp,RandomForestClassifier,balanced_accuracy,0.49640287769784175,1.47
Anthrophony,shp,RandomForestClassifier,roc_auc,0.5614285714285715,1.47
Anthrophony,shp,RandomForestClassifier,roc_auc,0.6464285714285715,1.47
Anthrophony,shp,RandomForestClassifier,roc_auc,0.5114795918367347,1.47
Anthrophony,shp,RandomForestClassifier,roc_auc,0.6405612244897959,1.47
Anthrophony,shp,RandomForestClassifier,roc_auc,0.5206235011990408,1.47
Anthrophony,shp,GradientBoostingClassifier,f1,0.0,1.84
Anthrophony,shp,GradientBoostingClassifier,f1,0.0,1.84
Anthrophony,shp,GradientBoostingClassifier,f1,0.0,1.84
Anthrophony,shp,GradientBoostingClassifier,f1,0.0,1.84
Anthrophony,shp,GradientBoostingClassifier,f1,0.0,1.84
Anthrophony,shp,GradientBoostingClassifier,balanced_accuracy,0.4714285714285714,1.84
Anthrophony,shp,GradientBoostingClassifier,balanced_accuracy,0.5,1.84
Anthrophony,shp,GradientBoostingClassifier,balanced_accuracy,0.5,1.84
Anthrophony,shp,GradientBoostingClassifier,balanced_accuracy,0.5,1.84
Anthrophony,shp,GradientBoostingClassifier,balanced_accuracy,0.4892086330935252,1.84
Anthrophony,shp,GradientBoostingClassifier,roc_auc,0.5804761904761905,1.84
Anthrophony,shp,GradientBoostingClassifier,roc_auc,0.5714285714285714,1.84
Anthrophony,shp,GradientBoostingClassifier,roc_auc,0.48418367346938773,1.84
Anthrophony,shp,GradientBoostingClassifier,roc_auc,0.5622448979591835,1.84
Anthrophony,shp,GradientBoostingClassifier,roc_auc,0.5537170263788969,1.84
Amphibian,shp,LinearSVC,f1,0.13559322033898305,0.15
Amphibian,shp,LinearSVC,f1,0.08571428571428573,0.15
Amphibian,shp,LinearSVC,f1,0.0909090909090909,0.15
Amphibian,shp,LinearSVC,f1,0.14705882352941177,0.15
Amphibian,shp,LinearSVC,f1,0.08108108108108109,0.15
Amphibian,shp,LinearSVC,balanced_accuracy,0.7333333333333334,0.15
Amphibian,shp,LinearSVC,balanced_accuracy,0.5933333333333333,0.15
Amphibian,shp,LinearSVC,balanced_accuracy,0.6783333333333333,0.15
Amphibian,shp,LinearSVC,balanced_accuracy,0.8053691275167785,0.15
Amphibian,shp,LinearSVC,balanced_accuracy,0.5785234899328859,0.15
Amphibian,shp,LinearSVC,roc_auc,0.748,0.15
Amphibian,shp,LinearSVC,roc_auc,0.776,0.15
Amphibian,shp,LinearSVC,roc_auc,0.7416666666666667,0.15
Amphibian,shp,LinearSVC,roc_auc,0.8577181208053691,0.15
Amphibian,shp,LinearSVC,roc_auc,0.7100671140939597,0.15
Amphibian,shp,SGDClassifier,f1,0.06711409395973154,0.1
Amphibian,shp,SGDClassifier,f1,0.08064516129032258,0.1
Amphibian,shp,SGDClassifier,f1,0.05298013245033112,0.1
Amphibian,shp,SGDClassifier,f1,0.0847457627118644,0.1
Amphibian,shp,SGDClassifier,f1,0.06369426751592357,0.1
Amphibian,shp,SGDClassifier,balanced_accuracy,0.5366666666666666,0.1
Amphibian,shp,SGDClassifier,balanced_accuracy,0.62,0.1
Amphibian,shp,SGDClassifier,balanced_accuracy,0.5233333333333333,0.1
Amphibian,shp,SGDClassifier,balanced_accuracy,0.6375838926174496,0.1
Amphibian,shp,SGDClassifier,balanced_accuracy,0.5067114093959731,0.1
Amphibian,shp,SGDClassifier,roc_auc,0.752,0.1
Amphibian,shp,SGDClassifier,roc_auc,0.7853333333333333,0.1
Amphibian,shp,SGDClassifier,roc_auc,0.7266666666666666,0.1
Amphibian,shp,SGDClassifier,roc_auc,0.8496644295302014,0.1
Amphibian,shp,SGDClassifier,roc_auc,0.6953020134228188,0.1
Amphibian,shp,SVC,f1,0.10714285714285714,0.21
Amphibian,shp,SVC,f1,0.07999999999999999,0.21
Amphibian,shp,SVC,f1,0.12698412698412698,0.21
Amphibian,shp,SVC,f1,0.15384615384615385,0.21
Amphibian,shp,SVC,f1,0.11267605633802819,0.21
Amphibian,shp,SVC,balanced_accuracy,0.64,0.21
Amphibian,shp,SVC,balanced_accuracy,0.5566666666666666,0.21
Amphibian,shp,SVC,balanced_accuracy,0.8166666666666667,0.21
Amphibian,shp,SVC,balanced_accuracy,0.8154362416107382,0.21
Amphibian,shp,SVC,balanced_accuracy,0.6919463087248323,0.21
Amphibian,shp,SVC,roc_auc,0.7946666666666666,0.21
Amphibian,shp,SVC,roc_auc,0.6839999999999999,0.21
Amphibian,shp,SVC,roc_auc,0.8433333333333334,0.21
Amphibian,shp,SVC,roc_auc,0.9006711409395973,0.21
Amphibian,shp,SVC,roc_auc,0.7463087248322149,0.21
Amphibian,shp,LogisticRegression,f1,0.1111111111111111,0.2
Amphibian,shp,LogisticRegression,f1,0.15384615384615385,0.2
Amphibian,shp,LogisticRegression,f1,0.12903225806451613,0.2
Amphibian,shp,LogisticRegression,f1,0.12345679012345677,0.2
Amphibian,shp,LogisticRegression,f1,0.06593406593406594,0.2
Amphibian,shp,LogisticRegression,balanced_accuracy,0.7333333333333334,0.2
Amphibian,shp,LogisticRegression,balanced_accuracy,0.6966666666666667,0.2
Amphibian,shp,LogisticRegression,balanced_accuracy,0.6666666666666667,0.2
Amphibian,shp,LogisticRegression,balanced_accuracy,0.761744966442953,0.2
Amphibian,shp,LogisticRegression,balanced_accuracy,0.5214765100671142,0.2
Amphibian,shp,LogisticRegression,roc_auc,0.744,0.2
Amphibian,shp,LogisticRegression,roc_auc,0.8053333333333332,0.2
Amphibian,shp,LogisticRegression,roc_auc,0.7749999999999999,0.2
Amphibian,shp,LogisticRegression,roc_auc,0.8093959731543624,0.2
Amphibian,shp,LogisticRegression,roc_auc,0.7248322147651006,0.2
Amphibian,shp,DecisionTreeClassifier,f1,0.0,0.1
Amphibian,shp,DecisionTreeClassifier,f1,0.28571428571428575,0.1
Amphibian,shp,DecisionTreeClassifier,f1,0.18181818181818182,0.1
Amphibian,shp,DecisionTreeClassifier,f1,0.0,0.1
Amphibian,shp,DecisionTreeClassifier,f1,0.22222222222222224,0.1
Amphibian,shp,DecisionTreeClassifier,balanced_accuracy,0.48333333333333334,0.1
Amphibian,shp,DecisionTreeClassifier,balanced_accuracy,0.5966666666666667,0.1
Amphibian,shp,DecisionTreeClassifier,balanced_accuracy,0.605,0.1
Amphibian,shp,DecisionTreeClassifier,balanced_accuracy,0.4798657718120805,0.1
Amphibian,shp,DecisionTreeClassifier,balanced_accuracy,0.5899328859060403,0.1
Amphibian,shp,DecisionTreeClassifier,roc_auc,0.48333333333333334,0.1
Amphibian,shp,DecisionTreeClassifier,roc_auc,0.5966666666666667,0.1
Amphibian,shp,DecisionTreeClassifier,roc_auc,0.6058333333333333,0.1
Amphibian,shp,DecisionTreeClassifier,roc_auc,0.47986577181208057,0.1
Amphibian,shp,DecisionTreeClassifier,roc_auc,0.5899328859060402,0.1
Amphibian,shp,RandomForestClassifier,f1,0.0,1.33
Amphibian,shp,RandomForestClassifier,f1,0.0,1.33
Amphibian,shp,RandomForestClassifier,f1,0.0,1.33
Amphibian,shp,RandomForestClassifier,f1,0.0,1.33
Amphibian,shp,RandomForestClassifier,f1,0.0,1.33
Amphibian,shp,RandomForestClassifier,balanced_accuracy,0.5,1.33
Amphibian,shp,RandomForestClassifier,balanced_accuracy,0.5,1.33
Amphibian,shp,RandomForestClassifier,balanced_accuracy,0.49666666666666665,1.33
Amphibian,shp,RandomForestClassifier,balanced_accuracy,0.4966442953020134,1.33
Amphibian,shp,RandomForestClassifier,balanced_accuracy,0.5,1.33
Amphibian,shp,RandomForestClassifier,roc_auc,0.708,1.33
Amphibian,shp,RandomForestClassifier,roc_auc,0.6839999999999999,1.33
Amphibian,shp,RandomForestClassifier,roc_auc,0.81,1.33
Amphibian,shp,RandomForestClassifier,roc_auc,0.802013422818792,1.33
Amphibian,shp,RandomForestClassifier,roc_auc,0.8691275167785235,1.33
Amphibian,shp,GradientBoostingClassifier,f1,0.0,1.84
Amphibian,shp,GradientBoostingClassifier,f1,0.25,1.84
Amphibian,shp,GradientBoostingClassifier,f1,0.0,1.84
Amphibian,shp,GradientBoostingClassifier,f1,0.0,1.84
Amphibian,shp,GradientBoostingClassifier,f1,0.33333333333333337,1.84
Amphibian,shp,GradientBoostingClassifier,balanced_accuracy,0.48,1.84
Amphibian,shp,GradientBoostingClassifier,balanced_accuracy,0.5933333333333334,1.84
Amphibian,shp,GradientBoostingClassifier,balanced_accuracy,0.5,1.84
Amphibian,shp,GradientBoostingClassifier,balanced_accuracy,0.5,1.84
Amphibian,shp,GradientBoostingClassifier,balanced_accuracy,0.6,1.84
Amphibian,shp,GradientBoostingClassifier,roc_auc,0.66,1.84
Amphibian,shp,GradientBoostingClassifier,roc_auc,0.6053333333333334,1.84
Amphibian,shp,GradientBoostingClassifier,roc_auc,0.7516666666666667,1.84
Amphibian,shp,GradientBoostingClassifier,roc_auc,0.8375838926174496,1.84
Amphibian,shp,GradientBoostingClassifier,roc_auc,0.7597315436241611,1.84
